-- MySQL dump 10.13  Distrib 5.7.17, for Win64 (x86_64)
--
-- Host: 127.0.0.1    Database: lyrics
-- ------------------------------------------------------
-- Server version	5.7.20-log

/*!40101 SET @OLD_CHARACTER_SET_CLIENT=@@CHARACTER_SET_CLIENT */;
/*!40101 SET @OLD_CHARACTER_SET_RESULTS=@@CHARACTER_SET_RESULTS */;
/*!40101 SET @OLD_COLLATION_CONNECTION=@@COLLATION_CONNECTION */;
/*!40101 SET NAMES utf8 */;
/*!40103 SET @OLD_TIME_ZONE=@@TIME_ZONE */;
/*!40103 SET TIME_ZONE='+00:00' */;
/*!40014 SET @OLD_UNIQUE_CHECKS=@@UNIQUE_CHECKS, UNIQUE_CHECKS=0 */;
/*!40014 SET @OLD_FOREIGN_KEY_CHECKS=@@FOREIGN_KEY_CHECKS, FOREIGN_KEY_CHECKS=0 */;
/*!40101 SET @OLD_SQL_MODE=@@SQL_MODE, SQL_MODE='NO_AUTO_VALUE_ON_ZERO' */;
/*!40111 SET @OLD_SQL_NOTES=@@SQL_NOTES, SQL_NOTES=0 */;

--
-- Table structure for table `l_language`
--

DROP TABLE IF EXISTS `l_language`;
/*!40101 SET @saved_cs_client     = @@character_set_client */;
/*!40101 SET character_set_client = utf8 */;
CREATE TABLE `l_language` (
  `id` int(4) NOT NULL AUTO_INCREMENT,
  `lang_name` varchar(256) NOT NULL,
  PRIMARY KEY (`id`),
  UNIQUE KEY `id_UNIQUE` (`id`),
  UNIQUE KEY `lang_name_UNIQUE` (`lang_name`),
  KEY `id` (`id`)
) ENGINE=InnoDB AUTO_INCREMENT=5 DEFAULT CHARSET=latin1;
/*!40101 SET character_set_client = @saved_cs_client */;

--
-- Dumping data for table `l_language`
--

LOCK TABLES `l_language` WRITE;
/*!40000 ALTER TABLE `l_language` DISABLE KEYS */;
INSERT INTO `l_language` VALUES (1,'ENGLISH'),(3,'HINDI'),(4,'TAMIL'),(2,'TELUGU');
/*!40000 ALTER TABLE `l_language` ENABLE KEYS */;
UNLOCK TABLES;

--
-- Table structure for table `l_lyrics`
--

DROP TABLE IF EXISTS `l_lyrics`;
/*!40101 SET @saved_cs_client     = @@character_set_client */;
/*!40101 SET character_set_client = utf8 */;
CREATE TABLE `l_lyrics` (
  `id` int(10) NOT NULL AUTO_INCREMENT,
  `lyric_title` varchar(256) NOT NULL,
  `lyric_content` longtext NOT NULL,
  `movie_id` int(4) NOT NULL,
  `writer_name` varchar(256) NOT NULL,
  `lyric_views` int(10) DEFAULT '0',
  `creation_time` timestamp NOT NULL DEFAULT '0000-00-00 00:00:00',
  `updation_time` timestamp NOT NULL DEFAULT '0000-00-00 00:00:00',
  PRIMARY KEY (`id`),
  UNIQUE KEY `id_UNIQUE` (`id`),
  KEY `l_lyrics_ibfk_1` (`movie_id`),
  CONSTRAINT `l_lyrics_ibfk_1` FOREIGN KEY (`movie_id`) REFERENCES `l_movie` (`id`)
) ENGINE=InnoDB AUTO_INCREMENT=46 DEFAULT CHARSET=latin1;
/*!40101 SET character_set_client = @saved_cs_client */;

--
-- Dumping data for table `l_lyrics`
--

LOCK TABLES `l_lyrics` WRITE;
/*!40000 ALTER TABLE `l_lyrics` DISABLE KEYS */;
INSERT INTO `l_lyrics` VALUES (1,'Dhooram','##Dhooram Telugu Lyrics#Dhooram dhaggera chesthunnadhi#Inkaa istam penchindhadhee#Malli malli kalise thondharaa#Kaalaannainaa tharimesthundhadhi##Aa dhikku ee dhikku#Maunamgaa okkataiyyaye##Naa ooru nee ooru#Manalni iha veru cheyleve## #Raa raa raa#Kaugilai##Raa raa raa#Oopirai##Raa raa raa#Kaugilai##Raa raa raa#Oopirai##Praanam rekkalu chaasthunnadhee#Neekai rivvuna vasthunnadhi#Neepai vaali nidhurinchaalani#Aakaashaanne Odisthunnadhi##Naadhaaka nuv vosthe#Needhaaka nenu vosthunte#Ee dhesham ee lokam#Inkinkaa chinnavainaaye##Raa raa raa raararaa…#',3,'Anantha Sriram',12345,'2017-12-26 10:51:06','2017-12-26 12:51:03'),(2,'Emitemiti temitoo','##Emitemiti temitoo#Em avtunnadhoo#Etavaalu dhaarilo#Jaaredhekkadikoo#Emitemiti emitoo#Em kaanunnadho#Erulaanti vayasuloo#Cheredethatiko#Telusaa telusaa nekainaa#Telusa telusaa mari nakainaa#Ainaa adugulu aagenaa#Veladham edemainaa#Eduruga nuvu nilabadu nimushaana#Edigina prathi kshanamunu marichaanaa#Tholi tharagathi thalupulu therichaanaa#Nijamaa nijamaaaaa##Nee raakathoo Naa raathaloo#Okkarojulone enenni maarayalaa#Aa ningine naa lekhagaa#Marchukunna chaladhemo#Avanni nen rayalante#Chebuthaa anni nee thonaa#Chebuthaa roju mari rathrainaa#Ayinaa kaburulu mugisenaa#Kalalo malli raanaa#Eduruga nuvu nilabadu nimushaana#Edigina prathi kshanamunu marichaanaa#Tholi tharagathi thalupulu therichaanaa#Nijamaa nijamaa#',3,'Ananta Sriram',23451,'2017-12-26 10:51:06','2017-12-26 12:51:24'),(3,'Madhurame','###Madhurame Telugu Lyrics#Madhurame ee kshaname oo cheli#Madhurame ee kshaname#Madhurame veekshaname oo cheli#Madhurame veekshaname#Madhurame laalasaye#Madhuram laalanaye#Madhurame laahirile#Madhuram laalithame#Madhu pavanam veechi#Madhu pavanam veechi#Paruvame myamarachindhile##Kaalam parugulu aapi veeksinche andhale#Moham thanmayamondhi swasinche gandhaale#Oorinche ruchulani marigi#Udikinche thaapaaley#Uppenge oopiri segaloo#Kavincheee dhaahaley#Mounangaaa madhuvala jadilonaa#Pulakinchee praanalee##Madhurame ee kshaname oo cheli#Madhurame ee kshaname##Advertisement## #Veeche gaalulu dhaagi#Cheppenee gusa gusalee#Choose musi musi navvulu#Chese baasalaneee#Vasamai aanandhapu logita#Arudhenchi aakasam#Sagami ee sagaramandhe#Agupinche aasaantham#Theeram mudivesina dhaaram#Theerche edha baaraale…##Madhurame ee kshaname oo cheli#Madhurame ee kshaname#Madhurame veekshaname oo cheli#Madhurame veekshaname#Madhurame laalasaye#Madhuram laalanaye#Madhuram laahirile#Madhuram laalithame#Madhu pavanam veechi#Madhu pavanam veechi#Paruvame myamarachindhile#',3,'Shreshta',34521,'2017-12-26 10:51:06','2017-12-26 12:51:33'),(4,'Dandaalayyaa','#Padamara kondallo#Vaalina sooreeda#Pagilina kotalane#Vadilina maaredaa (x2)##Tadisina kannullo#Malli udayinchi#Kalalo devudila#Kaapai untava##Nee adugulake madugulu#Votthe vallam nuvvante#Praanam icche#Vallam memayya##Dandaalayya dandalayya#Maathone nuvvundaalayya#Dandaalayyaa dandalayya#Maathone nuvvundaalayyaa##Tamanele raajunu mose#Bhagyam kaligindanukuntu#Ee bandalu gundelu pongi#Pandaga aipoda##Tanu chindinche#Chematanu tadise#Punyam dorikindanukuntu#Pulakinchina ee nelantha#Pacchaga aipoda##Nee maatte ma maatayya#Nee choope saasanamayya#Maa raju nuvve tandri nuvve#Kodukku nuvve#Maa aayuvu kuda needayya##Dandaalayyaa dandalayya#Maarajai nuvvundaalayya#Dandaalayyaa dandalayya#Maarajai nuvvundaalayya#',4,'M.M. Keeravaani',42531,'2017-12-26 10:51:06','2017-12-26 12:51:42'),(5,'Humsa Naava','##Orrori raaja veeradhi veera##Orrori raaja veeradhi veera#Neethone nenu undipona#Endhaka nuvvu vellali anna#Andhaka nennu kooda raana##Haayaina hamsa naavalona#Neegali soluthunte paina#Mecchindhile devasena##Nennee yedhapai#Vishaala veera bhoomipai#Vasinchanaa##Nene valapai#Varala maalikai vaalana#Neelo ragile#Parakramaala jwaalanai hasinchanaa#Ninne geliche#Sukhaala kheliloo thelanaa##Oho ho..#Ekantha kantha mandhirana#Oho ho..#Nee moha bahu bhandhanana#Noorellu bhandhini kaana##Orrori raja.. orrori raja#Veeradhi veera#Neethone nenu undipona#Endhaka nuvvu vellali anna#Andhaka nenu kooda raana##Haayaina hamsa naavalona#Neegali soluthunte paina#Mecchindhile devasena#',4,'Chaithanya Prasad',24531,'2017-12-26 10:51:06','2017-12-26 12:51:53'),(6,'Kannaa Nidurinchara','##Muripaala mukundha#Saradaala sanandha#Podha podhalona#Daagudu moothalaapara#Yadha yadhalona#Narthinchindi chaalura#Alasata ninu kori niluchundira##Kanna nidurinchara#Naa kanaa nidhurinchara###Chitikena veluni#Kondanu mosina##Kanna nidurinchara#Naa kannaa nidhurinchara##Chilikina challala#Kondalu dochina##Kannaa nidurinchara#Naa kanna nidhurinchara (x2)##Gopela valuvalatho#Chelagi alasevemo#Gomuga sayaninchu##Ungili vennelakai#Urike ubalatamuke#Oorata kaliginchu##Shyaamanaa mohana#Chalu chalu nee atamatalu#Pavalinchaka theeravu alasatalu#Virise madhilo viriseyalu##Kanna nidurinchara#Naa kannaa nidhurinchara (x2)##Nera nera chupulake#Karigi kadhili neekai#Bira bira vachithiney##Tadi tadi kannulatho#Neepai vaali soli#Tamakamu thelipithiney##Maadhavaa yaadhavaa#Naa mathi maali doshamu jarige#Oo vanamaali#Yeddhu ninnu podiche#Paapam antha naadhenuraa##Kanna nidurinchara#Naa kannaa nidhurinchara (x2)##Muripaala mukundha#Saradhaala sanandha (x2)##Madhana madhusoodhana#Manohara manmohana (x2)##Muripaala mukunda#Saradaala sananda##Aanandha aniruddha#Aanandha aniruddha##Kanna kanna kanna#Krishnaa radhaa ramana#Kannaa nidurinchara##',4,'M.M. Keeravaani',14235,'2017-12-26 10:51:06','2017-12-26 12:52:02'),(7,'Oka Praanam','##Oka praanam oka thyagaam#Telipindaa thana gamyam##Oka paasam thana nishtai#Ragilindaa.. Rana tantram##Hananamthone modalayyinda#Havanamlo jwalanam#Sebaasane nabham###Raara rammani raaraa rammani#Pilichinda raajyam#Varinchaga jayam saantham##Balitaanai. Ulitaanai. Malichenaa.##Bhavitavyam rudhiramlo runabhandham#Prathi bottu##Shaivam shivam#',4,'M.M. Keeravaani',15672,'2017-12-26 10:51:07','2017-12-26 12:52:11'),(8,'Saahore Bahubali ','####Bhali bhali bhali ra bhali#Saahore Bahubali##Bhali bhali bhali ra bhali#Saahore Bahubali#Jayaharathi neeke pattali pattali##Bhuvanalanni jai kottali#Gaganale chhathram pattali##Advertisement## #Heyssa rudhrassa#Heysarabhadra samudhrassa (x4)##Aaa janani dheeksha achalam#Ee koduke kavacham#Ippuda ammaki ammavainandhuka#Pulakarinchindhigaa ee kshanam##Adavulu guttal mittal gaminchu#Pidikita pidugul patti minchu#Arikula vargaal dhurgaal jayinchu#Avaniki swargaale dhinchu##Antha maha baludainaa#Amma vodi pasivaade#Shivudainaa bhavudaina#Ammaki saati kadhantade##Heyssa rudhrassa#Heysarabhadra samudhrassa (x2)##Heyssa rudhrassa#Heyssa rudhrassa#Heysarabhadra samudhrassa#Heysarabhadra samudhrassa##Heyssa rudhrassa#Heysarabhadra samudhrassa (x5)##Bhali bhali bhali ra bhali#Saahore Bahubali#Jayaharathi neeke pattali pattali (x2)##Bhuvanalanni jai kottali#Gaganale chhathram pattali#',4,'K.Shivashakthi Datta, Dr. K. Ramakrishna',8456,'2017-12-26 10:51:07','2017-12-26 12:52:23'),(9,'Box Baddhalai Poye','##Hey pacha bottu laga guchi gundelona#Racho racha nuvvu chesthunte#Box baddhalai poye#Gunde box baddhalai poye##Hey nachi nachagane pachhi onti meedha#Kerchief vesukuni pothunte#Box baddhalai poye#Mind box baddhalai poye##Hey raaye raaye na mallepoola butta#Ne aandham thone antinchukunta chutta#Hey raaro raaro romance loni dhitta#Kanne kottindhe na ranku left patta### #Box baddhalai poye#Lip-u kunna locks badhalai poye#Box baddhalai poye#Neeku naaku talks badhalai poye poye##Arrey ningi loni chukkalanni thempi#Ne chethiloki vennelantha vompi#Ne meedha naku istamentho#Ddappu kotti cheppukunta#Addamosthe nannu nene champi##Na manasunemo khagitham la chimpi#Ne manasu loki kite-u laga pampi#Ne lopalochi undipotha girru girru thiruguthunta#Kottha kottha oohalenno nimpi##Ollammo ne navve na pichi bujji puppy#Nannedho chesavve aa kola kallu thippi##Orrayyo ayyoo ma intilona cheppi#Jaldhi jaldhi moginchu inka pii pii##Box baddhalai poye#Pichi lona peaks baddhalai poye#Box baddhalai poye..#Six-u rail tracks baddhalai poye poye##Yeddu vinthalanni okka chota petti#Yeddu rangulunna kottha dress kutti#Eighth wonder alle bramha#Devudu inthalaga chekkinaka#Thanks-u cheppakunte yetta chitti##Na zindagi ni unda laga chutti#Nannu kattinavu prema dharametti#Nuvvu aasthamanam gurthukochi#Niddharantha paadaindhi#Pichi pichi paadu kalalu putti##Hey raaye raaye ne right leg petti#Neeke eyyistha bangaru kalu patti##Aa vastha aa vastha ne gunde thalupu thatti#Muddhe istha arre poota pootakokkati##Box baddhalai poye#Vedi putti rocks baddhalai poye#Box baddhalai poye#Pattukunna blocks baddhalai poye poye#',1,'Bhaskara Bhatla',9743,'2017-12-26 10:51:07','2017-12-26 12:52:34'),(10,'Gudilo Badilo Madilo Vodilo','##Aasmaika yoga thasmaika bhoga#Rasmaila raaga hindhoolam#Anganga theja shrungarabhava#Sukumara sundharam##Aachandhra thara sandhya sameera#Neehara haara bhoopalam#Anandha thira brudha vihara#Mandhara saagaram##Madilo vodilo badilo gudilo#Nee thalape shasivadhana#Gadhilo madhilo yedhalo sodhalo#Neeve kadha gajja gaamana### #Madilo vodilo badilo gudilo#Nee thalape shasivadhana#Gadhilo madhilo yedhalo sodhalo#Neeve kadha gajja gaamana##Aashaga neeku poojale cheya#Aalakinchindhi aa namakam#Pravaralo pranaya manthrame choosi#Pulakarinchindhi aa chamakam#Agraharala thamalapakalle#Thaakuthondhi thamakam##Madilo vodilo badilo gudilo#Nee thalape shasivadhana#Gadhilo madhilo yedhalo sodhalo#Neeve kadha gajja gaamana##Aasmaika yoga thasmaika bhoga#Rasmaila raaga hindhoolam#Anganga theja shrungarabhava#Sukumara sundharam##Aachandhra thara sandhya sameera#Neehara haara bhoopalam#Anandha theera brudha vihara#Mandhara saagaram##Dheem takita dheem…##Navalalana nee valana kalige#Entho vintha chali naalona#Misa misala nisi lona#Kasi muddhulicchukona##Priya jaghana subha lagana#Thallakindhulauthoo tholi jagadana#Yedathegani mudipadani#Rasa kaugilinthalona##Kanulane veyi kalaluga chesi#Kalisi podhamu kalakaalam#Vaanala vacchi varadhala maare#Valapu neeli megham##Madilo vodilo badilo gudilo#Nee thalape shasivadhana#Gadhilo madhilo yedhalo sodhalo#Neeve kadha gajja gaamana##Priya ramana shatha madhana#Kanne kaalu jaari ika neethona#Irru yedhala sarigamana#Sigga poola naligipona##Himalayana sumashayana#Chinna velupatti subha tharunana#Manasathuna dhorikithina#Paradhalu tholiganinna##Padaka gadhi nunchi vidudhale leni#Vididhi vechindhi mana kosam#Vayasu kokila paduchu yekkillu#Thecche magamaasam##Madilo vodilo badilo gudilo#Nee thalape shasivadhana#Gadhilo madhilo yedhalo sodhalo#Neeve kadha gajja gaamana##Aasmaika yoga thasmaika bhoga#Rasmaila raaga hindhoolam#Anganga theja shrungarabhava#Sukumara sundharam##Aachandhra thara sandhya sameera#Neehara haara bhoopalam#Anandha theera brudha vihara#Mandhara saagaram#',1,'Sahiti',56720,'2017-12-26 10:51:07','2017-12-26 12:52:47'),(11,'Mecchuko','##Takka takka gunde thatti#Chakka chakka cheyi patti#Mukha mukhi muddhu petti#Mecchuko mecchuko pillo##Sarra sarra kannukotti#Girra girra nannu chutti#Yerra yerra muddhu petti#Mecchuko mecchuko pillo##Vayyaramemo wonder ani#Kissaramemo thunder ani#Nissaramaithe blunder ani#Mecchuko mecchuko pillo### #Kirrekkipoyi matter ani#Errekki poye meter ani#Kurradininda gaaladakunda#Lekkaleni kikkulenanni##Mecchuko mechuko mechuko mecchuko#Mecchuko mecchuko pillo#Nuvvu buggalani pattesi#Muddhulni pettesi#Picchaga mecchuko pillo##Mecchuko mecchuko mecchuko mecchuko#Mecchuko mecchuko pillo#Nuvvu haddhulni dhaatesi#Muddhulni pettesi#Baaga mecchuko pillo##Katthi theesi kasa kasa#Kosi kaarameduthunte#Cut out adhiripoyenantu mecchukove##Ne nippu uppulaga chitapata mantunte#Uppu regipoyenantu mecchukove#Ho garam masala laaga naram laagesave#Jarram theppinche laaga gurram yekkinchave#Chillu gaarela undevaadni#Chiranjeevi steplu yeinchaave##Mecchuko mecchuko mechuko mecchuko#Mecchuko mechuko pillo#Nuvvu buggalani pattesi#Muddhulni pettesi#Picchaga Mecchuko pillo##Mecchuko mecchuko mecchuko mecchuko#Mecchuko mecchuko pillo#Nuvvu haddhulni dhaatesi#Muddhulni pettesi#Baaga mecchuko pillo##Nee kurra muddhu bugga meedha#Sticker alle paduthunte#Chitti cooker alle eelesindhe#Nuvvu aggi laaga baggumantu#Siggu manta peduthunte#Magguthunna eedu chinna peggesindhe##Sarra sarre nuvvitta dhookuthunte yetta#Salaa salaa marige naa uduku rakthamitta#Aagedhaina aapedhaina#Antukunna kumpataaredhetta##Mecchuko mecchuko mecchuko mecchuko#Mecchuko mecchuko pillo#Nuvvu buggalani pattesi#Muddhulni pettesi#Picchaga mecchuko pillo##Mecchuko mecchuko mecchuko mecchuko#Mecchuko mecchuko pillo#Nuvvu haddhulni dhaatesi#Muddhulni pettesi#Baaga mecchuko pillo#',1,'Srimani',32456,'2017-12-26 10:51:07','2017-12-26 12:53:11'),(12,'Seeti Maar','##Merise merupa#Sogase aarupa##Dhe dhe dhe dhe dhe..#Kathuluna nee kanulu dhe dhe#Dhe dhe dhe dhe dhe..#Mathugunna nee muddulu dhe dhe#Dhe dhe dhe dhe dhe..#Gap ye ivadhe##Seeti maar seeti maar seeti maar#Seeti maar seeti maar### #NTR, ANR, Megastar#Ninne choosthe whistle yesthar#Seeti maar seeti maar seeti maar#Seeti maar seeti maar (x2)##Hey Michael Jackson mic la na mind ye aaripinchavvule#Tyson veesirey punch la na manase pelchavve##Spider alle net-u la na vayasu ni chuttesavvule#Underworld Don-u la nuvvu nannu dochaysavvule##Dhe dhe dhe dhe dhe..#Dimple unna ni champalu dhe dhe#Dhe dhe dhe dhe dhe..#Sompulunna aa oompullu dhe dhe#Dhe dhe dhe dhe dhe..#Mosthu thiragodhe##Seeti maar seeti maar seeti maar#Seeti maar seeti maar#NTR, ANR, Megastar#Ninne choosthe whistle yesthar##Twitter loni tweet la na temper touch chesavvule#Teaser loni twist la excitement penchavve#Master blaster bat la dil sixer kottesavvule#Matrix lo highspeed la magic ye chesavve##Dhe dhe dhe dhe dhe..#Kallala gallery kallaku dhe dhe#Dhe dhe dhe dhe dhe..#Colorful-u ga selfie dhe dhe#Dhe dhe dhe dhe dhe..#A to Z ay dhe##Seeti maar seeti maar seeti maar#Seeti maar seeti maar#NTR, ANR, Megastar#Ninne choosthe whistle yesthar (x#',1,'Balaji',22789,'2017-12-26 10:51:07','2017-12-26 12:53:24'),(13,'DJ Saranam Bhaje Bhaje','##Rakshaapadhana sikshaadhikara#Dheeksha nireekshudevadu#Ugraprataapa vyaghraprakopa#Khadgaprahaari yevadu##Sulaayudhaatha kaalaantakantha#Jwaalaa trinetrudevadu#Vidhwamsakaara prdhvithalaana#Abhayakarudu athadevadu##DJ DJ DJ#Dj Saranam bhaje bhaje (DJ)#Dj Saranam bhaje bhaje (DJ)### #Laksha piduguloka mushti ghaathamai#Lakshyabhedanam cheyra#Bhadramurtivai vidrohulapai#Rudrataandavam cheyra##Ugraturantam dhagdam chesey#Agni kshipanivai raara#Echatechatechate keechakudunna#Achatachate podicheyra##DJ DJ DJ#Dj Saranam bhaje bhaje (DJ)#Dj Saranam bhaje bhaje (DJ)##Jai jai shakti yukthilidu#Siddhiganapati jayaho#Sye sye nattuvaangamula#Naatyaganapati saaho##Vighnaraaja nee vibhramanarthala#Veedhi veedhilo thillaanaa#Kummarinchara bhaktulapaina#varaala jallula vaanaa##Nithyam nrusimhatatwam vahinchi#Pratyardhi paiki raara#Satyam grahinchi dharmam dharinchi#Nyayam jayinchaneera##Chedina pudamipai yuvaka yamudivai#Chedugudaatutaku raara#Loka kantakula gundelu adirey#Mrutyughanta nuvve ra##Dj Dj Dj#Dj Saranam bhaje bhaje (DJ)#Dj Saranam bhaje bhaje (DJ)##Dj Dj Dj#',1,'Jonnavitthula',32689,'2017-12-26 10:51:07','2017-12-26 12:53:32'),(14,'Edo Jarugutondi','## ##Thanalo unnadhedho edgurugane unnadhi#Aina manasu dhanni polchallekunnadhi#Thaane vethukuthondhe dorikinatte unnadhi#Aina cheyyi chaachi andhukokunnadhi##Rammantunna.. pommantunna..#Vasthu unna.. vacchesthunna..##Edho jarugutondhi yedhalo alajadi#Edho aduguthondhi yedhare nilabadi### #Edho jarugutondhi yedhalo alajadi#Edho aduguthondhi yedhare nilabadi##Gundelo idhemito kondantha ee bhaaram#Undaneedhu oorike ye chota ae nimisham#Vintunnava.. naa mounaanni#Yemo yemo.. chebuthoo undhi##Edho jaruguthondhi yedhalo alajadi#Yedho aduguthondhi yedhare nilabadi##Edho jaruguthondhi yedhalo alajadi#Yedho aduguthondhi yedhare nilabadi##Karigipothu unnadhi#Innalla ee dhooram#Kadhaliponu annadhi#Kalalaanti ee sathyam##Naa lokamlo.. naa lokamlo#Anni unna.. anni unna#Edho lopam nuvvenemo##Aa pai dhooram.. em lekunna..#Sandhehamlo.. unnanemo##Edho jarugutondhi yedhalo alajadi#Edho aduguthondhi yedhare nilabadi##Thanalo unnadhedho yedgurugane unnadhi#Aina manasu dhanni polchallekunnadhi##Edho jarugutondhi yedhalo alajadi#Edho aduguthondhi yedhare nilabadi##Edho jaruguthondhi yedhalo alajadi#Edho aduguthondhi yedhare nilabadi##',2,'Sirivennela Seetharama Sastry',43208,'2017-12-26 10:51:07','2017-12-26 12:53:44'),(15,'Oosupodu','##Oosupodhu oorukodhu#Undaneedhu vellaneedhu#Vinthakhaidhu naakila yemito#Soyi ledhu solaneedhu#Veedipodhu cheri raadhu#Chintha podhu naakila yemito (x2)##Naanundi naa praname#Ilaa jaruthundhe#Thappena ee yathana#Nee vaipu ravalanne#Alla oorukuthondhe#Aagedhena arre ee alochana##Nee thalapule vadhalave#Nannu nidhuralonu#Aa marupuna theliyaka#Nanne vethikinannu### #Valla kadhu paalu podhu#Aaganeedhu saaganeedhu#Venta raadhu naakila yemito#Vela kaadhu veelu ledhu#Ooha kaadhu Orchu kodhu#Chentha ledhu naakila yemito##Naanundi naa praname#Ilaa jaruthundhi#Thappena ee yaathana#Nee vaipu raavalane#Alla urukuthondhe#Aagedhena arre ee alochana##Nee thalapule vadhalave#Nannu nidhuralonu#Aa marupuna theliyaka#Nanne vethikinaanu#Naa gundelo thondhare#Nanne niluvaneedhe#Yedhonaadu neetho cheppeyana##Nee pilipule kalaluga#Nannu tharumuthaaye#Aa kalavaram melakuvai#Nanne allukundhe#Naa gundelo thondhare#Nanne niluvaneedhe#Yedhonaadu neetho cheppeyana##Nee thalapule vadhalave#Nee thalapule vadhalave##Oosupodhu oorukodhu#Undaneedhu vellaneedhu#Vinthakhaidhu naakila yemito#',2,'Chaithanya Pingali',4328,'2017-12-26 10:51:07','2017-12-26 12:53:57'),(16,'Vachinde','### ##Vachinde mella mellaga vachinde#Cream-u biscuit yesinde#Gammuna koosoniyyade#Kudhuruga nilsoniyyade#Sanna sannaga navvinde#Kunuke gayab chesindey#Muddha notiki pokunda#Masthu diturb chesindey##Pilla renuka pilagaadocchinde#Dinner annade date-u annade#Yelu patti polu thirigi#Ninnu ulta seedha cheshindey##Vachinde mella mellaga vachinde#Cream biscuit yesinde#Gammuna koosoniyyade#Kudhuruga nilsoniyyade#Sanna sannaga navvinde#Kunuke gayab jeshinde#Muddha notiki pokunda#Masthu diturb chesinde### #Pilla renuka pilagaadocchinde#Vacchinde..##Magavallu masth chaalu#Magavallu masth chaalu#Maskalu godatha untare#Nuvvu enna poosa lekka#Karigithe anthe sangetha##Osari sare antu#Osari sorry antu#Maintain nuv chesthe#Life antha paduntaade##Vachinde mella mellaga vachinde#Cream-u biscuit yesinde#Gammuna koosoniyyade#Kudhuruga nilsoniyyade#Sanna sannga navvinde#Kunuke gayab jeshinde#Muddha notiki pokunda#Masthu diturb chesindey##Aiyya baboi entha podugo (x3)##Muddhu letta icchude#Ai baboi entha podugo#Muddhu letta icchude##Thana mundhu nicchanesi#Yekkithe kaani andhade#Paruvaale nadum patti#Paiketthi muddhe pette#Techniques ye nakunnai le#Pareshane neekakkarle##Vachinde mella mellaga vachinde#Cream biscuit yesinde#Gammuna koosoniyyade#Kudhuruga nilsoniyyade##Sanna sannaga navvinde#Kunuke gayab cheshinde#Muddha notiki pokunda#Masthu diturb chesinde##Pilla renuka pilagaadocchinde#Vacchindey..#Dinner annade date-u annade#Annadey..##Yelu patti polu thirigi#Ninnu ulta seedha cheshindey##Arey o pilla inka nuvvu#Nelanidichi gaali motor lo##Vachinde mella mellaga vachinde#Cream biscuit yesinde#Gammuna koosoniyyade#Kudhuruga nilsoniyyade##Sanna sannaga navvinde#Kunuke gayab jeshinde#Muddha notiki pokunda#Masthu diturb chesindey#',2,'Suddala Ashok Teja',14378,'2017-12-26 10:51:07','2017-12-26 12:54:05'),(17,'Fidaa Title Song','###O fidaa..##Entha dooramo ilaa#Antha chedhuve kadha#Okka saari tongi choodava#Enni daarulo ala#Vaakilayiga edha#Okka sari tongi choodava##Maa vaipu vennele meeku vekuva avunule#Oka ningele manakunnadhi#Naa kalala thotalo#Maarani ruthuvulu unnave#Nuvvu vachunde chotu unnadhey### #Fidaa fidaa fida fida neeke#Padhe padhe oke roje maadhe##Entha dooramo ila#Antha cheruve kadha#Okka sari thongi choodava##Aakasam guppitlo chikkedhena#Meghalu haddulo undedhenaa..#Gundello aagevi kappevela reppalona#Aa matram nenento artham kaana##Nee jadala paayalo#Gunde chikkukunnadhe#Mari rammana raakunnadhe#Adagali ninnani vadhu aagipomani#Oka janjatam champestunde..##Gunde talupu tattaku#Ninnu naalo vethakakku##Na naa naa…##Maate thelelonna aapestanaa#Badha ayithe neethone cheppeseyana#Navve ayithe nee nundi daachesthana#Daachesthanaa..#Manasayye mounanga yedustunnaa##Nee jadala paayalo#Gunde chikkukunadhe#Mari rammana raakunadhe#Adagali ninnani vadhu aagipomani#Oka janjatam champestunde..##Entha dooramo ilaa#Antha chedhuve kadha#Okka saari tongi choodava#Enni daarulo ala#Vaakilayiga edha#Okka sari tongi choodava##Maa vaipu vennele meeku vekuva avunule#Oka ningele manakunnadhi#Naa kalala thotalo#Maarani ruthuvulu unnave#Nuvvu vachunde chotu unnadhey##Fidaa fidaa fida fida neeke..#Padhe padhe oke roje maadhe#Fidaa fida fidaa fidaa neeke hey.. (x2)#',2,'Chaithanya Pingali',17521,'2017-12-26 10:51:07','2017-12-26 12:54:52'),(18,'Hey Pillagada','###Hey pillagaada, endhiro pillagaada#Naa gundekaadalolli#Hey monagaada, sampakoi moratoda#Naa manasantha gilli##Gira gira thille neelona#Bira bira sudulai tirigena#Nilavada nuvvem chesthunna#Dorakanu andaa neekaina##Hey pillagaada, endhiro pillagaada#Naa gundekaadalolli#Hey monagaada, sampakoi moratoda#Naa manasantha gilli### #Kadhile kadhile chinuke kadhile#Musire oka musirai ilakaala ikaate#Urike urike jathaga urike#Manase ninu marichi tanakaala ikaate#Soyi leni haayilona#Kammukunnadi gaali vaana#Em avvutundho emo lona##Neeku telisena neeloni hairaana#Nannu koolchela naalona jadi vaana##Hey pillagaada, endhiro pillagaada#Naa gundekaadalolli#Hey monagaada, sampakoi moratoda#Naa manasantha gilli##Gira gira thille neelona#Bira bira sudulai tirigena#Nilavada nuvvem chesthunna#Dorakanu anda neekaina#',2,'Vanamali',18790,'2017-12-26 10:51:07','2017-12-26 12:55:04'),(19,'Hey Mister','##Good morning! Hello U.S.A#Chal vegam nee address ye#Chinchedam ee journey-e dilse##Ee life ay oka bonus-e#Roju ika bindas-e#Don’t miss neekochinaa ee chance-e#Nee kalalatho selfie digu#Nijam avadha doubt enduku#Ee zindagi cheyi andhuko#Ika aagakoi let’s go go go..##Hey mister raa mister#Hey mister yo mister (x2)### #Chal ve chal nuvvu choices-ey#Kaalam is not for sale#Daily tappadhule ee race-ey#Vandhanam nuvu eeroje peelcheyi#Nee prathi aase#Neelo ika raadha aa josh-ey##Nee kannitho nuvve nacheyi#Nee kosame raadha machi##Nuvu speekaro aa choopulatho#Masthi valo yaa go ya go##Hey mister raa mister#Hey mister yo mister (x2)##',2,'Vanamali',19637,'2017-12-26 10:51:07','2017-12-26 12:55:18'),(20,'Ekimeedaa','## #Ekimeedaa..#Ekimeedaa naa jathavidanani varamidava#Thagudodaa naa kadakonguna muddipadava##Sukumari ni sogasu sirulu#Nannu niluvella penavesukoni#Mahaarajunani maripinche#Nee mahatthulo padi bandhiniaayaane##(hundhara hundhara hundhara hundharana.. Hoy..)### #Kadavai unta nadumompullo#Kulike nadakaa nannu kaasuko guttuga##Kokaa raika nuvvanukuntaa#Chakkera thunakaa chali kaachuko vecchaga##Chemata chalava chiru chinuku chorava#Ee thala thala thala thalamitho nuvvu idi#Endo vaano##H endo vaano evarikeruka#Ye velaa paalaa erugamani#Prathi roji ila neetho paate#Nadusthu gadisthe ennallaithene etaithene##(hundhara hundhara hundhara hundharana.. Hoy..)##Ekimeede nee jathavidanani varamidane#Varamidavaa..#Sarijodai nee kadakonguna mudipadane##Veeri veeri gummadantu veedhi vaada suttukuntu#Inthalesi kallathoti vinthalenno gillukuntu#Vollokamavvaala iyala sayatalo surro..##Gotekaaru vanthenunde aada eedu bhaggumante#Mannu minnu soodanattu medabaaruvuntavunte#Muddhicchi thoogaala munnoorapu podduluu surro..##',5,'Seetarama Sastry',65637,'2017-12-26 10:51:08','2017-12-26 12:55:28'),(21,'Gana Gana Gana','## #Satakarni#Hey gana gana gana gana#Gundelalo jegantalu mogenu#Rakkasi mookalu mukkalu mukkalayela##Hey gana gana gana gana#Kannulalo kaarchicchulu regenu#Cheekati cheekatinerraga ragilinchela##Oradaataga neekattii#Pagavaadipaala vitti#Sahanammika saripattii#Garjinchara elugetthi#Evvaduraa edataki raara#Ani anagaane avurauraa#Anduvu aapadake aapadavavuthavuraa### #Veedante mana neede kadara#Leghura leguraa munduku padara#Vetante mana baate kadara#Kayyaaniki sayyandham padara (x2)##Nee jabba charisthe#Aa debbaki deyyam dadisi#Thadi bobbokatesthe#Nee aakaasam avisi#Jejele jaikodathaaranthe##Singam nuvvai joolidilisthe#Enthamandaina jinkala mande#Meesam duvve rosham doosthe#Yamudiki eduruga nilabadinatte#Ubbusu undadu urakalu pettande##Pidugalle nee aduge padithe pidikedu pinde konda#Neepai daadiki deegithe meedathala dhande dundagulantha#Paravaadini polimeralu dhatela tharamakunda#Arupantu aagadu kadaraa jarige yuddha kaanda#Bhaaratha jaathi bhavithaku#Saakshyam idigoraa mana jendaa..##Veedante mana neede kadara#Leghura leguraa munduku padara#Vetante mana baate kadara#Kayyaaniki sayyandham padara (x2)##Thaaraarara thaaraaraaraa..ra..##Veedante mana neede kadara#Leghura leguraa munduku padara#Vetante mana baate kadara#Kayyaaniki sayyandham padara (x2)#',5,'Seetarama Sastry',0,'2017-12-26 10:51:08','2017-12-26 10:51:08'),(22,'Mruganayanaa','##Dhiradiradheem dheem dheem dhananana#Dhiradiradheem dheem dheem dhananana#Dhena dhena dhena dhena dheem dharana dhirana.. (x2)##Adharamadolaa adirinadela#Adharamadolaa adirinadela#Kanukolakula aa thadithalukela#Mruganayana bhayamelane#Mruganayana bhayamelane##Thega bhidiyaala thera karidhelaa#Thega bidiyaala thera karidhelaa#Tholi rasaleela thonikina vela#Thelipedha naa priya kaamanaa#Thelipedha naa priya kaamanaa### #Dhiradiradheem dheem dheem dhananana#Dhiradiradheem dheem dheem dhananana#Dhena dhena dhena dhena dheem dharana dhirana.. (x2)##Dhaa thakitadha tharikitadha thakita#Dhaa thakitadha tharikitadha tharikitathaka#Dhaa thakitadha thakita tharikitathakatha thakitatha#Tharikitatha tharikitathakatha#Thakitadha thakitadhadhadhadha#Thakitadha tharikitatha thakitadha#Dheenthatha dheentha thakitatha##Kaamuni geliche padanamu cheyagaa#Sainyamulelaa manajatha chaalugaa##Nee soyagaala saamraajyam#Naa sonthamaina ekaantham#Dhivinne ilapai nilipindi choodu lalanaa##Mruganayana bhayamelanne..#Mruganayana bhayamelanne..#Mruganayana bhayamelanne..#Mruganayana bhayamelanne..##Dheemthanananana dheemthanananana#Dheemthanadhirena dheemdhirenana##Thatheem thananatheem (x2)##Thanana dheemthanana thanana dheemthanana#Dheedheedhe dheedheedhe thanana dheemthanana##Thalaangathakadhimi dheemtha dheemtha tha (x2)##Thadhithatha thamthaathatha##Naa naranaramunaa ee vecchadanam#Naa pourushamaa ni parimalama##Nee shirasuloni sankalpam#Nee shaasanaala prathiswapnam#Nenne avana nee adugu adugulona#Thelipedha naa priya kaamanaa#Thelipedha naa priya kaamanaa##Adharamadolaa adirinadela#Adharamadolaa adirinadela#Kanukolakula aa thadithalukela##Mrignayanaa bhayamelanne..#Mrignayanaa bhayamelanne..#Mrignayanaa bhayamelanne..#Mrignayanaa bhayamelanne.#',5,'Seetarama Sastry',0,'2017-12-26 10:51:08','2017-12-26 10:51:08'),(23,'Saaho Saarvabhauma Saho','Movie:Gautamiputra Satakarni#Lyrics:Seetarama Sastry##Satakarni#Saaho Saarvabowma saaho#Saaho Saarvabowma saaho#Saaho Saarvabowma saaho#Saaho Saarvabowma##Kaalavaahini shaalivaahana#Shakamugaa ghana keerthi pondina#Suprabhaatha sujaathavahini#Gauthamisutha saathakarni#Bahuparaa.. bahuparaa..##Lakshala kaala raathirilona kaanthiga#Raajasooyaathpraramule jaripera..#Katthulalona chithrambaina#Shaanthiki thaane vedaswaramugaa..#Palikeraa..### #Saaho saarvabhauma bahuparaa##Ninne kanna punyam kanna#Edaimaina kaadanukuna#Jananiki janmabhoomiki#Thagina thanayudivanna mannana pondaraa.. (x2)##Swargaane saadhinche vijetha nuvve#Saaho saarvabhauma saaho#Swapnaane shrushtinche vidhatha nuvve#Saaho saarvabhauma##Amrutha mandhana samayamanduna#Prajwalinchina pralaya bheekara#Garalamunu galamandu nilipina#Harudura shubhakarudura#Bahuparaa bahuparaa..##Parapaalakula pagapankamutho#Kalushammaina ila ninu pilicheraa..#Palakaraa..##Daavaanalamu oore daadi chesina#Dundageedula thuluvaraa doraa..#Saaho saarvabhauma bahuparaa##Daarunamaina dharmapraani#Dhaarunipaina kaalunindi#Thakshamocchi rakshananicchu#Bhikshaga avatharinchara devaraa.. (x2)##',5,'Seetarama Sastry',0,'2017-12-26 10:51:08','2017-12-26 10:51:08'),(24,'Dochestha','#Dhina dhinaa daaa (x4)##Krishna mukunda murari#Jai jaya krishna mukunda murari##Mee kastalanni dochestha#Kannilanni dochestha#Cheeku chintha dochestha#Cheekatinantha dochestha### #Bayyalanni dochesthaa#Baaralanni dochesthaa#Appu soppu dochesthaa#Aapadhanantha dochestha##Eyyi murthy babai#Ey jyothi akkayi#Nee chethuluna dhaagina vankara geethalu#Nudhiti raasina vankara geethanu#Venta ventapadi ethukellipovaa##Janthara manthara jaadhu chesi#Andhari baadhalu dochesthaaa#Chindhara vandhara chindulu vesi#Gandhara golam chesestha##Kalla kapatam leni pilladinayii#Vastha ne vasthaa#Meru velle dharulona mullantini#Eresthaa paaresthaa##Sandhram loni uppuni motham#Chaduvuloni thappulu motham#Udyogamlo thippalu motham#Maayam chesestha##Jabili loni machallu motham#Kuralalona ruchulu motham#Desam loni chichulu motham#Dooram chesesthaaa##Janthara manthara jaadhu chesi#Andhari baadhalu dochestha#Chindhara vandhara chindulu vesi#Gandhara golam chesestha##Ramuni guname kaligina krishnayya la#Vasthaa ne vasthaa#Are cheeralu badhulu neelo chedu lakshanale#Lagestha.. dachestha##Navvula maatula edupulannni#Premala maatuna dweshalanni#Vesham maatuna mosalanni#Swaaha chesestha##Rangula maatuna rangalani#Maatala maatuna maramalani#Sayam maatuna swardhalani#Safa chesestha##Janthara manthara jaadhu chesi#Andhari baadhalu dochesthaaa#Chindhara vandhara chindulu vesi#Gandhara golam chesesthaa##Arrey venna krishna#Docheyi.. docheyi#Chinni krishnaa#Docheyi.. docheyi#Muddu krishnaa#Docheyi.. docheyi#Moddhu krishna#Docheyi.. docheyi#Inti krishnaa#Docheyi.. docheyi#Flute-u krishna#',6,'Chandrabose',0,'2017-12-26 10:51:08','2017-12-26 10:51:08'),(25,'Nee Kallalona','##Nee kallalona katuka#Oo nalla mabbu kaadha#Nee navvuloni veduka#Oo merupu velugu kaadha##Nee momu ninginundhi#Oo prema vaana raadha#Aa vaana jallulona#Nenu jallumantu thadisipoga##Theli theli theli#Theli theli theli#Theli theli theli#Thelipoyaaaa### #Oo prema vaanalona munigi#Paiki paiki thelipoyaaa##Naa gundeloni korika#Oo gaalipatam kaaga#Naa chentha nuvu cherika#Oo dhaaramalle laaga##Nee neeli kurula nundi#Oo poola gaali raaga#Naa prema anna gaali patam#Chandra-mandalanni cheragaaaa##Theli theli theli (x3)#Thelipoyaaaa##Asala chanda maama nuvve antu#Nela meedha vaalipoyaaa##Asura asura asura asura#Raavanasudaa##Asura asura asura asura#Raavanasudaa##Dhaga dhaga dhaga dhaga#Nee sogasuloni dhagaa#Bhaga bhaga bhagaa bhaga#Penchindi paduchu paga##Dhaga dhaga dhaga dhaga#Nee sogasuloni dhagaa#Bhaga bhaga bhagaa bhaga#Penchindi paduchu paga##Nee pedhavilona yerupu#Naa pogaruki gaayam chesthe##Asura asura asura asura#Raavanasudaaa##Meda vampulona nunupu#Gaayaniki kaaram poosthe##Asura asura asura asura#Raavanasudaaa##Dharunanga deggarayi#Uhguranga uppenayi#Andhamaina avushadhannni thagana##Dhaga dhaga dhaga dhaga#Nee sogasulona dhagaa#Bhaga bhaga bhagaa bhaga#Penchindi paduchu pagaa##Dhaga dhaga dhaga dhaga#Nee sogasulona dhagaa#Bhaga bhaga bhagaa bhaga#Penchindi paduchu pagaa##Asura asura asura asura#Raavanasudaaa##Asura asura asura asura#Raavanasudaa#',6,'Chandrabose',0,'2017-12-26 10:51:08','2017-12-26 10:51:08'),(26,'Raavana','##Asura ravanasuda#Asura asura ravanasuda##Viswa viswa nayaka#Rajya rajya palaka#Vela vela kotla#Agni paravathaala kalayika##Shakthi shakthi soochika#Yukthi yukthi paachika#Sahasra surya saagaralu#Okkataina kadhalikaa### #Eka veera.. soora#Kumaraa.. kumaara#Nirankusanga dookuthunna#Dhaanaveswara##Raktha dhaaraa.#Chora.. ghoraa.. aghora#Karkasangaa reguthunna#Kaalaaa kinkaara##Raavanaa..#Jai jai jai#Shatru saasana..#Jai jai jai##Raavanaa..#Jai jai jai#Simhasanaa..#Jai jai jai##Asura asura asura asura ravanasudaa (x2)##Chitra chitra himsaka#Mrutyu mrityu gantika#Mujyagaala ekaa kaala#Palu rakaala dwamsaka##Khadga bhoomi dhaarmika#Kadhanaranga karshika#Raavanagaraa pattanaala#Sakala janaa gharshaaka##Andhaakaaraa#Thaara.. dheera.. sudhira#Andhamainaa roopamunna#Athi bayankaraaa##Dhurvithaara#Bhairaa.. swairaa.. vihaara#Paapa laaga navvuthunna#Pralaya beekara##Raavanaa..#Jai jai jai#Shatru saasana..#Jai jai jai##Raavanaa..#Jai jai jai#Simhasanaa..#Jai jai jai##Navarasaala poshaka#Naamaroopa daashika#Vikruthaala vidyalenno#Chadivinna vinashaaka##Charmageetha naayakaa#Naraka loka narthaka#Akramaala lekkalona#Nikkina arachaakaaa..##Ho ahamkaaraaa..#Haaraa.. baara.. kishora#Naraalu naagu paamulaina#Nirbayeshwara##Ho thiraskaara..#Dheera yeraa.. kubeera#Kanamu kanamu ranamulaina#Kapaleshwaraa..##Raavanaa..#Jai jai jai#Shatru saasana..#Jai jai jai##Raavanaa..#Jai jai jai#Simhasanaa..#Jai jai jai#',6,'Chandrabose',0,'2017-12-26 10:51:08','2017-12-26 10:51:08'),(27,'Tring Tring','##Tring tring#Tagadangu tring tring#Tring tring#Tagadangu tring tring##Tring tring#Tagadangu tring tring#Tring tring#Tagadangu tring tring##Swapna sundhari#Swarnam manjiri#Choopu guchi chesinaave injury### #Swapna sundari#Swarnam manjiri#Muddulichi chesukove century##Narallo mogutundhe clarinettu#Syringe guchinattu#Romance guffumandhi partuu part uu#Firangi pelinattu##Hot uu hot uu vayasu pai#Salt uu pepper eyakee##Tring tring tring mandhi gundelonaa#Tring tring tadangu tring tring#Lets sing-u sing u sing-u dance-u thona##Tring tring tadangu tring tring#Tring tring tring##Swapna sundhari#Swarnam manjiri#Choopu guchi chesinaave injuryy..##Swapna sundari swarnam manjiri#Muddulichi chesukove century##Ishqcent lightla chutti mutti thiragana#Diskmohon light la ninnu chusi##Cokatile kite la andhanattu egarana#Aavuru aavuru anna ninnu maaya chesi##Japan uu earth quake modhalaindhe#Choopa nee pongulona##Pedhala french wine ponguthundhe#Oka intha panchukona##Thermometer yee datuthundi matter ye##Tring tring tring mandhi gundelonaa#Tring tring tadangu tring tring#Lets sing uu sing uu sing uu danceuu thonaa#Tring tring tadangu tring tring#Tring tring tring##Cover page chirigina#Beauty magazine laa#Dull ayedhi bhoomi#Nuvu puttakuntee##Hey glassloki urikina#Manchi ice cube la#Chilla ayindhi body#Nuvu muttukunteee##Reyibaanu sekha maarinattu meeri#Guddhave poola laari##Limits lenidhanta naa ferrari#Common brahmachaari##Breakuu leni dhookude#Aaputhundhi oopiree##Tring tring tring mandhi gundelona#Tring tring tadangu tring tring#Lets sing uu sing uu sing uu danceuu thonaa#Tring tring tadangu tring tring#Tring tring tring###',6,'Ramajogayya Sastry',0,'2017-12-26 10:51:08','2017-12-26 10:51:08'),(28,'Emo Emo','###Oh emo emo ento emaindho emo ento#Mulla theega meeda malle poosesindento##Oh emo emo ento mottam dari maarindento#Nalla raati gunde meeda seetakokento##Chirachiralaade kantlo chakkeradaarento#Chinukulu choodani intlo thenela vaanento#Prathidaanikinka karananga#Ninnu chuputundi ee lokam### #Neekayindento nee chesindento emo ento#Ne cheppindento naa tappasalento emo ento##Oh emo emo ento emaindho emo ento#Mullateega meeda malle poosesindento##Mandeti sooryudnaina challaarche chandamamayi#Nuvvochchava naakosam ee adrushtam ento#Gharjhinche meghanaina kariginche challaagaalai#Nuvvu kalisaavaa ee nimisham naa adrushtam ento##Peley shabhdaalennaina em cheyalede innallu#Ivvali nishabdhamlo haayiga vacche vanukento#Naalo unde paduchudanam neelo unde padunugunam#Okataipothe manapayanam atuko ituko etuko ento##Oh emo emo ento emaindho naake ento#Mulla theega meeda malle poosesindento##Oh emo emo ento mottam dari maarindento#Nalla raati gunde meeda seetakokento##Satruvula gundelona nidristu unde naake#Ninu choosthe niddura paadai ee gunde gubulento#Kathullo kadile nuvve methanga munigavante#Chantodainaa chebutade arre danardham ento##Andarilona hundaga ninna monna unnaga#Eepai etlaguntano aapai jarige kathalento#Akkadathone gadapakuro kanche pattu parikinito#Neekai ochhe nilichunte arrere telusa aalusa ento#',7,'Anantha Sriram',0,'2017-12-26 10:51:08','2017-12-26 10:51:08'),(29,'Jivvu Jivvu','##Raajulaina bantulaina aah#Koolilaina yaapaarulaina ooh#Seekatait sukkakosam ah ah#Jivvu jivvu aagunaa#Aagadu aagadu##Raajulaina bantulaina#Sukkaakosam naayna#Jivvu jivvu aaguna#Jivvu jivvu aaguna##Yevvadaina yaada unna#Seekataite naayana#Jivvu jivvu aaguna#Jivvu jivvu aaguna### #Kallainaa saaraina jivvu jivvu aaguna#Arre Engilsh mandhaina jivvu jivvu aaguna#Arre kalthee sarukaina jivvu jivvu aaguna#Edainaa emainaa jivvu jivvu aaguna##Thaagakunte jivvu jivvu lonaa#Taagithene tandaananaa##Rangu rangu o rangu rangu oye##Rangu rangula mandheyra#Orabbaa matthekki sindeyra (x2)##Rangu rangu oye rangu rangu oye#Rangu rangula mandheyara#Orabbaa matthekki sindeyara#Rangu rangula mandheyara#Orabbaa veyyengula balamostadira##',7,'Varikuppala Yadagiri',0,'2017-12-26 10:51:08','2017-12-26 10:51:08'),(30,'Laage Laage','###Laage manasu laage#Neevaipe nannu laage#Uggey manasu uggey#Neekosam thanuvuge##Ni navvulona undhe o maikam#Ni matalona undhe o raagam#Ni nadakalona undhe o thalam#Chakkera kalipina pedhavvulathoti#Ukkiri bikiri chesthunavve##Nee kallalona undhe o kavyam#Nee nadumulona undhe o natyam#Nee chuttu undhe na prapancham#Jantara manthara jaadoo chesi#Manthara medho vesi### #Laage laage o laage laage#Laage laage laage#Manase neevaipe laage laage laage#Pranam neevaipe laage laage laage#Nannu lagey nee vaipe##Laage manasu laage#Neevaipe nannu laage##Ye mathram kudhure undadhu prema thuranam#Kabatte aipothunna gallo vimanam#Yedhi madhyanam edhi sayantram#Thelanantha matthugundhi#Kotha udhyogam##O pilla o pilla#Are katamarayudi gundeni#Atta kaata vesi pattukupoyave##O laage laage#O laage laage laage#Manase nee vaipe laage laage laage#Pranam nee vaipe#Laage laage lage nanu laage nee vaipe##Hey edocchina seethakokai#Naa meedha vaali#Manasantha aadesave#Rangeli holi#Chethikandhochi chepamandhichi#Vayasukemo nerpinave#Kothi kommacchi##Chinnari ponnari#Aha ippatikippudu yem chesave#Ekkesanu yenugu ambaari##O laage laage#O laage laage laage#Manase nee vaipe laage laage laage#Pranam nee vaipe#Laage laage lage nanu laage nee vaipe##Laage manasu laage#Neevaipe nannu laage#Uggey manasu uggey#Neekosam thanuvuge##',7,'Bhaskarabhatla',0,'2017-12-26 10:51:08','2017-12-26 10:51:08'),(31,'Mira Mira Meesam','### ##Rayudoo..#Nayakudai nadipinchevadu#Sevakudai nadumonchevadu#Andharikosam adugesaadu#Rayudoo, rayudoo##Ye mirra mirra meesam#Mirra mirra meesam#Meli thipputhaadu janam kosam##Dana danadan danadan..### #Kara kara kandala rosham#Pothethuthaadi janam kosam##Dana dana dan dana dan..##Mande aavesham veedunde nivasam#Veedo nelabaaru nadiche#Nindaina aakasam##Aasalu sisalu churuku saruku#Anuvanuvuna sega regilela##Sooreedalle#Hey sooreedalle vacchadu#Mana andhari katamarayudu#Panche kattina manchi thanam#Niluvetthu katamarayudu##Mira mira meesam#Mira mira meesam#Meli thipputhaadu janam kosam##Rayudoo..#Okade veedu raka rakamula vaadu#Ye rangu kallaku aa rangai untadu##Reparepalaade jendaala pogarunnodu#Thalavanchaka minnanchula painey untaadu##Chiguru vagaru thagina pogaru#Kalagalasina khadgam veedai##Hey sooreedalle vacchadu#Mana andhari katamarayudu#Amma thodu maa chedda#Manchodu katamarayudu##Asalu sisalu churuku saruku#Anuvanuvuna sega regilela##Sooreedalle#Hey sooreedalle vacchadu#Mana andhari katamarayudu#Panche kattina manchi thanam#Niluvetthu katamarayudu###',7,'Ramajogayya Sastry',0,'2017-12-26 10:51:08','2017-12-26 10:51:08'),(32,'Netha Cheera','### ##Ala ala gala gala jala jala#Paareti nadila parugule theesese chinnadi#Navvutho naa gunde dochesindhi##Neetha cheera kattukochchi o nayika#Silakalaaga navvutunte o nayika#Meesam yegiri kannu kotte#Collar yegiri keka pette#Erra tundu eela kottene##Nuvvu chenetha pancha kattina#O naayaka#Sankuraathri punjuvera#O naayaka#Gaajulemo gola pette#Mojulemo levabatte#Sitti nadumu semata pattene### #Oh ho vayyaram buttalo#Buggameeda sottalo#Yerukunte yedu vinthalo#Nuvvu alagalage pogidi pogidi#Kalakalame raputhaavu#Neesangathi naaku erukaro##Ori devudo ororri devudo#Em pilladi enta maatannadi#Ori devudo ororri devudo#Em pilladi enthaa baagunnadi##Netha cheera kattukochchi o nayika#Silakalaaga navvutunte o nayika##Oori chivara cheruvu kaada#O naayika#Neella bindhe munchuthunte#O naayika#Sanna sanna nadumu choosi#Daanikunna bendu choosi#Naa manasu benikipoyene##Hey anthalesi kallathoti o naayaka#Anthalaaga soodakunda o naayaka#Chethi saayamedho chesi#Neella nimpukosthe#Neeku ini thippalundave##Arrey nuvvatta seppake#Neella bindethopaatu#Ninnetthi mosukelthane##Abho gilagilagila dorikinaaka#Kalabadakunda untaveti#Nee yeshaal naaku telusule##Ori devudo ororri devudo#Em pilladi enta maatannadi#Ori devudo ororri devudo#Em pilladi enthaa baagunnadi##Nuvvu kodi kuura vondaneeki#O naayika#Katte poyyi voodhuthunte#O naayika#Poyyi kanna mundugaane#Guppu guppu guppumantu#Naa eedu antukunnadhe##Hey antukuntadhi antukuntadhi#O naayaka#Antukoka endhukuntadhi#O naayaka#Poyyi kaada aaku made pilla#Neeku dhorikinaaka#Antakanna panem untadhe##Em chesthaam tappade#Ontariga oppade#Nee andham anta goppade#Arrey ilagilagea kaalikesthe#Alagalagea medaku vesthi#Massipoosi maaya chesthave##Ori devudo ororri devudo#Em pilladi enta maatannadi#Ori devudo ororri devudo#Em pilladi enthaa baagunnadi##',7,'Bhaskarabatla',0,'2017-12-26 10:51:08','2017-12-26 10:51:08'),(33,'Yelo Yedarilo Vaana','###Yelo yedarilo vaana#Gaalo gulabi poosena#Guburu meesam melesthuna#Gunde paapam ela undho##Baitikki baitikki#Aathadu choopinche dheema#Lopala lothuna#Anthaga untundha nijama##Ye cheliya kanula merupu thagili#Niluvu manasu melikapadithe#Nilabadamika manushula tharama### #Yennaalo emito yennalli badayitho#Em chesthaado manodu maraare veerule#Maaraare maharshule maarena ee magadu##Hey nanana nana na..##Yelo yedarilo vaana#Gaalo gulabi poosena#Guburu meesam melesthuna#Gunde paapam ela undo##Saigatho sainyam nadipinche vaadipai#Siggochhivaleno lammo#Ballem baakutho puvvula baanalapai#Gelichedettago emo##Savaale..#Ayyo ayyo idhem savari#Hoyare ayyomayam kada dhari#Valapu malupu thiriginapudu#Sogasu madugu yedurupadithe#Kadaladamika rathamula tharama##Yennaalo emito yennalli badayitho#Em chesthaado manodu maraare veerule#Maaraare maharshule maarena ee magadu##',7,'Anantha Sriram',0,'2017-12-26 10:51:09','2017-12-26 10:51:09'),(34,'Ammadu Let’s Do Kummudu','## ##Yo guys! this is not a mass song#This is BOSS song!##Erra chokkane neekosam vesannu#Sarrumantu Foreign scent-e kottanu#Galla lungine trendy ga kattanu#Kalla jodetti neekosam vachannu##Ammadu lets do kummudu### #Erra cheeremo eeroje konnanu#Nalla jacket night antha kuttanu#Vaalu jallona mandaram pettanu#Kanne volluantha singaram chuttannu##Pilladu lets do kummudu##Instagram profile picture laga#Bhale masthunade nee andham malle theega##Discovery channel-lo chasing laga#Alaa payi payi ku dookeyaku simham laga##Ammadu lets do kummudu##Mande endalo ice-cream bandila#Cool & cute-ga vunde andham##Rende kallatho dhan dhan stungun-la#Choopula gullatho theesav pranam##Hot ga ghaatuga unde nee hip-uni#Nattuga chattuga patteyana##Rough ga tough unde nee chethitho#Nuvv thakithe nennu phat aayipona##	##Chiranjeevi:#Thammudu lets do kummudu##Saree kattina salwaare chuttinaa#Alladisthade nee outline##Lorry guddhina land mine-y pelinaa#Neetho polistthe nothing jaanu##Ye step-ule step-ulu neetho veyyalani#Ippude kattina kottha tune##Nippula unna nee wild romance ki#Lippulo dhachina red wine##Ammadu lets do kummudu##Yo guys! this is not a mass song#This is the BOSS song###',8,'Devi Sri Prasad',0,'2017-12-26 10:51:09','2017-12-26 10:51:09'),(35,'Ratthaalu','#Raththaalu raththalu ososi rathaalu#Ninnu choosey nilabadanantay naa chokka boththaalu#Raththaalu raththalu ososi rathaalu#Ninnu choosthe ekkesthundhe manase rail pattalu##Ninu ompu sollu andham chandham#Chengumantu raave thiragaraseddham chattalu#Nerchukunte nerputhaale#Kotha kotha chitkaalu##Mass dance chesseddham#Raave raave raththaalu#Naa rommance choosthaava#Adhi poolu nimpina pistol-u#Raththaalu raththalu ososi raththaalu#Ninnu choosey nilabadanantay naa chokka boththaalu#Raththaalu raththalu ososi raththaalu#Ninnu choosthe ekkesthundhe manase rail pattalu##Boss is back, get ready!##Nee navvule rathnalu#Nee maatale muthyalu#Potlaalu kadithe#Kotla koddhi beraalu##Nee chethule magnet-lu#Nee vellu veena metlu#Nuvvu thaakuthunte#Rakthamanthaa raagalu##Nuvvu pakkanunte kick-ey verru#Vadhdhule jaradhaalu#Avuraavurantu vunna#Thirchu naa saradhalu#Andhukeegaa vachesaa#Raffadidhdham rathri pagalu##Mass dance chesseddham#Raave raave raththaalu#Naa rommance choosthava#Adhi poolu nimpina pistol-u##Raththaalu raththaalu ososi rathalu#Ninnu choosthe ghal ghal mantr#Naa chitti pattilu##Raththaalu raththaalu ososi rathtalu#Ninu chusthe nilabadanante#Naa jallo ye poolu##Boss-u choopee nee grace-u##hey my dear boss#Nuvvu mass plus class#Nee style choosthe#Simahamaina neetho dhigadha selfie-lu##Hey miss universe lanti nee features-u#Choosthu vunte rechchipothe#Gundelona gurralu##Nee walk choosthe orayyo#I loose my control-u#Ni heat vunte chalammo#Ika endhuku petrol-u##Naaku nuvvu neeku nenu#Appachebudhaam paatalu##Mass dance chesseddham#Raave raave raththaalu#Naa rommance choosthava#Adhi poolu nimpina pistol-u##Hey#Raththaalu raththalu ososi rathaalu#Ninnu choosey nilabadanantay naa chokka boththaalu#Raththaalu raththalu ososi rathaalu#Ninnu choosthe ekkesthundhe manase rail pattalu#Rathalu.. Rathalu..##',8,'Devi Sri Prasad',0,'2017-12-26 10:51:09','2017-12-26 10:51:09'),(36,'You & Me','Lyrics:Srimani####Me me me me me#Ikapai only you and me##Sayankalana sagara theerana#Sandhya suryudila nuvvu nenu#Vesavi kaalana vennela samayana#Thara chandrudi la nuvvu nenu##Nuvvu raagam aithe ne paatauthanu#Nuvvu megham aithe nee jilibili#Valapula varsham nenu### #Me me.. me me me..#Ikapai only you and me##Me me.. me me me..#Ikapai only you and me##Sayankalana sagara theerana#Sandhya suryudila nuvvu nenu#Vesavi kaalana vennela samayana#Thara chandrudi la nuvvu nenu##Muddha mandhaaram telusu#Merise bangaram telusu#Rendu kalipesthe nuvvena##Mande sooreedu telusu#Vendi jaabilli telusu#Rendu kalaboosthe nuvvena##Roju addhamlo andham nuvvena#Aa andham nuvvaithe nuvvu nenaa##Roju kannullo kalale nuvvena#Kalale nijamaithe nuvvu nena##Me me.. me me me..#Ikapai only you and me##Me me.. me me me..#Ikapai only you and me##Kopam sainikudi varasa#Thaapam premikudi varasa#Rendu okataithe nuvvena##Palle paduchulni choosa#Patnam sogasulni choosa#Rendu okataithe nuvvena##Rangula villante accham nuvvena#Baanam nenaithe nuvvu nenaa..##Puvvula varadhante accham nuvvena#Nanne chuttesthe nuvvu nena##Me me.. me me me..#Ikapai only you and me##Me me.. me me me..#Ikapai only you and me## #',8,'Devi Sri Prasad',0,'2017-12-26 10:51:09','2017-12-26 10:51:09'),(37,'Sundari','### #Sanna jaajila puttesindhiro#Malle theegala chuttesindhiro#Thennethigala kuttesindhiro#Sundari ee sundari##Andam thaduthi kattesindhiro#Matthu mandhune pettesindhiro#Kotha daarilo nettesindhiro#Sundari ee sundari##Sokke kukkinadiro naazooke mekkinadiro#Dheenne chekkinodiki#World bank nunchi blank cheque ivaro#Koke kattinadiro gunde keke pettinaadiro#Like-ey kottinaanuro#Love bandi theesi track meeda pettinanuro### #Sanna jaajila puttesindhiro#Malle theegala chuttesindhiro#Thennethigala kuttesindhiro#Sundari ee sundari##Andam thaduthi kattesindhiro#Matthu mandhune pettesindhiro#Kotha daarilo nettesindhiro#Sundari ee sundari##Chocolate chuppi pillavaadini#Cute ga oorinchinattuga#Magnet lanti oompu sompuni#Choopi nannu champero#oopi ooprirapero##Tube light vesi dull night ni#Full-ga bright chesinattuga#Moonlight lanti kanti chuputho#Naa heart light vesero#Manasu weight penchero##Theese romance gate ni#Ika thossey aa siggu seat ni#Raasey nee copyright ni#Naa peru meeda fix ani#Nuvvu nennu mix ani##Sanna jaajila puttesindhiro#Malle theegala chuttesindhiro#Thennethigala kuttesindhiro#Sundari ee sundari##Andam thaduthi kattesindhiro#Matthu mandhune pettesindhiro#Kotha daarilo nettesindhiro#Sundari ee sundari##Keeper leni time choosi#Football goal kottinattuga#Control leni time chusi#Hip naaku choopero hipnotize chesero##Rifle ne load chesi#Target ne kalchinattuga#Lipstick-lo red theesi#Love symbol yesero baanamesi gucchero##Raave na left side ki#Neekosam thericha gunde kitiki#Podhaam ee night flight ki#O honeymoon spot ki#Ooty lanti chotuki##Sanna jaajila puttesindhiro#Malle theegala chuttesindhiro#Thennethigala kuttesindhiro#Sundari ee sundari##Andam thaduthi kattesindhiro#Matthu mandhune pettesindhiro#Kotha daarilo nettesindhiro#Sundari ee sundari#',8,'Srimani',0,'2017-12-26 10:51:09','2017-12-26 10:51:09'),(38,'Arere Yekada','##Arere yekkada yekkada#Yekkada yekkda yekkda na pranam#Ee prasnaku nuvvele samaadhanam#Arrere yeppudu yeppudu#Yeppudu yeppudu neetho na payanam#Ee prasnaku badhulega ee nimisham#Matale mariche santosham#Paatalle marindhi prathi kshanam##Arere yekada yekada#Yekkada yekkda yekkda na pranam#Ee prasnaku nuvvele samaadhanam#Arrere yeppudu yeppudu#Yeppudu yepudu neetho na payanam#Ee prasnaku badhulega ee nimisham##Ningilo aa chukkalani#Okatiga kalpithe mana bomma kadha#Oh dharilo ee puvvulani#Jantaga vesina mana adugulega#Mabullo oo.. Chinukulu manamanta#Maname chereti ye chotedhaina#Ayipodha pudhota### #Arere yekkada yekkada#Yekkada yekada yekada na pranam#Ee prasnaku nuvvele samadhanam#Arrere yeppudu yeppudu#Yeppudu yeppudu neetho na payanam#Ee prasnaku badhulega ee nimisham##O kallatho o chilipi muddhe#Ivadam nerputha nerchukova#Pedhavitho pedhavulako mudhe#Adagadam theliyani alavatu marchava#Kaatukane dhidhe velautha#Aa vele patti ye vela#Nee venta adugestha##Yekkada yekkada yekkada yekkada#Yekkda na pranam#Ee prasnaku nuvele samadhanam#Arrere yeppudu yeppudu#Yepudu yepudu neetho na payanam##',9,'Srimani',0,'2017-12-26 10:51:09','2017-12-26 10:51:09'),(39,'Champesaave Nannu','##ABCD letters anni raasi#Love mathram round chesi#Champesave nannu, champesave nannu##1234 numbers anni theesi#143 le rangullo munchesi#Champesave nannu, champesave nannu##Rende rendu pedhavuloni mounam cheripesi#Mude mukalo chepesaga nuvve nachesi#Na manasuni motham oorinchesi#Repati dhaka nanne aapesii### #Champesave nannu#Nimpesaave naalo ninnu (2x)##Nimishanikosari#Kitikilu therichesthu#Sun light kosam night thoti#Fight chesthunna##Thega gollu korikesthu#Thalagallu nalipesthu#Thellaradhentani chandamamanu#Thitiposthunna##Chinna mullunu yekanga#Velitho thipesela#Artharathiri nidhara cheripela#Champesave nannu#Nimpesave naalo ninnu#Champesaave nannu#Nimpesave naalo ninnu##Levanga neethoti ye park kellalo#Ye picture ye chudalo#Antu sketchulesthunna#Day end neeketa send off ivvalo#Ye mudhutho Good Night#Cheppalo oohisthunna##Chethilona cheyyesi#Dhuramantha chedipesi#Roju kosam pranam ichela#Champesave nannu#Nimpesave naalo ninnu#Champesaave nannu#Nimpesave naalo ninnu##',9,'Srimani',0,'2017-12-26 10:51:09','2017-12-26 10:51:09'),(40,'Disturb Chestha Ninnu','##Disturb disturb disturb disturb#Disturb chestha ninnu#Neekishtam ishtam ishtam ishtam#Ayye varaku nenu##Osi osi osi osi mallepuvva#Thosi thosi nannu pakanesthava#Thamaraku meedha neeti bottu nuvva#Patukunte phatumantu jaripothava##Osi osi osi osi palakova#Choosi chusi face thipukelthava#Fake book laga nannu choosthava#Antukunte sarumantu paripothava### #Hey pilla nee kallanu#Disturb chese rangula kalalanni#Hey pilla#Ee lokam nunchi chori chesaina#Hey pilla nee manasuni#Disturb chese thiyani matalni#Hey pilla#Ye bhashalo unna dhochesaina##Disturb disturb disturb disturb#Disturb chestha ninnu#Neekishtam ishtam ishtam ishtam#Ayye varaku nenu##Hey disturb disturb disturb disturb#Disturb chestha ninnu#Neekishtam ishtam ishtam ishtam#Ayye varraku nenu##Morning ye vasthe#News paper la vastha#O shocking news avtha#Ninu disturb chesela#Nuvvu channels ye pedithe#Ne scrolling lo vastha#Love message ayipotha#Ninu disturb chesela##Hey pilla nee kallaku kattina#Ganthalu motham vipestha#Hey pilla#Love lona vinthalu neeke chupistha#Hey pilla nee pedhavulu kuttina#Sudho yedho pattestha#Hey pilla#Nee lopali maatala sabdham vinta##Disturb disturb disturb disturb#Disturb chestha ninnu#Neekishtam ishtam ishtam ishtam#Ayye varaku nenu##Hey disturb disturb disturb disturb#Disturb chestha ninnu#Neekishtam ishtam ishtam ishtam#Ayye varaku nenu##Hey ramudne seethe#Ye disturb cheyyakapothe#Arre padhimandhi meche ramayanamuntundha#Krishnudne radhe#Ye disturb cheyyakapothe#Ee love story bhadhe#Mana life nu chuttedha##Hey pilla nee track yedhaina#Na route loke vacchela#Hey pilla#Love flight ki nuvve take off ichela#Hey pilla#Naa kanna great lover ledanipinchela#Hey pilla#Naa kosam nuvve padichachela##Disturb disturb disturb disturb#Disturb chestha ninnu#Neekishtam ishtam ishtam ishtam#Ayye varaku nenu##Hey disturb disturb disturb disturb#Disturb chestha ninnu#Neekishtam ishtam ishtam ishtam#Ayye varaku nenu#',9,'Srimani',0,'2017-12-26 10:51:09','2017-12-26 10:51:09'),(41,'Nexu Enti','##Hey B.A. Paasaina#Arrey M.A. Passaina#B.Tech pass aina#Mari M.Tech passaina##Congrats ayyo super bhayo anadam manesi#Manake theliyani future gurinchi#Foolish prasnenti#Next Enti? Antu golenti?##Intlo nannaina vantintlo ammaina#Paper boy ayyina#Facebooklo friend ayina#Parikshalani chinchesavani#Praising maanesi#Arre vacchina marklu marichela#Ee question mark enti?#Next enti? eee golenti?### #Kodhada tharuvatha Bejawade vasthundhanta#Ee course ye purthayyaka#Next ento yem chebutham#Interval tharuvatha#Climax ye oohinchestham#Engineering ayipoyaka#Next entani yetta oohistham##Bulb ni chese time lo#Edison gaarini kalisesi#Next entante paari poda#Bulb ni vadhilesi##Arrey anthtollake#Answer theliyani prasnanu thechesi#Itta ma meedha rudhesthe#Maa ee brathukula gathienti#Next enti? Ee golenti?##Pyarlo padipoyaka#Breakup o pello khayam#Ee patta chepattaka#Next ento em antaam##Silver medal ochaka#Gold medal ye aasithuntam#Ee degree dhorikesaka#Next entani chepadam evadi tharam##Branded battala kosam#Dabbulu ivvala enti?#Beeru biriyanikai#Chillara kaavala yenti?##Itta panikocheti prasnalu#Assalu adagaru meerenti#Paiga next entantu#Cheyyani thappuku maaki sikshenti##Next enti? Antaa#Ee golenti? Manta#Next yenti? Hey! Next yenti? Abbah!#',9,'Chandrabose',0,'2017-12-26 10:51:09','2017-12-26 10:51:09'),(42,'Side Please','##Side side side please#Local boys here#Side side side please#You don’t come near##Kurrolante love cheyali#Pedholante side ivvali#Side side side please#Side side side please##Lover love OK chesthe#Queue enthuna clear avvali#Side side side please#Side side side please### #Janaku janaku janaku janaku#Jajjanaka aadaboye aata kinka#Side ivvali#Janaku janaku janaku janaku#Jajanaka gelavaboye match kinka#Side ivvali##Side side side please#We are the local#Side side side please#We are the local#Side side side please#We are the local#Side side side please#Local boys here##Hey pelle chesthadu#Pillaki ishtam lekunna#Velli choosadu#Papaki smile ye ledhana#Nacchina vadunte#Anni icche vaadanna#Ammai kallalo khushi nimpevadana##Pathikellu penchukunna#Aadapilla premisthe#Panthamodhili sonthavallu#Side ivvali#Amma vodi nanna vodi#Godavapadi vadhilesthe#Jantalaku kanta thade#Side ivvale..##Side side side please#We are the local#Side side side please#We are the local#Side side side please#We are the local#Side side side please#Local boys here##Hey prema pellante#Khani katnam akkarle#Vendi pallemlo kaale kadaganakarle#Ekkuva thakuvale ani ego lakarle#Yedu tharaala enquiryle akarle##Veyyi notu pink notu#Vasthuntai pothuntai#Vandha notlu permanent#Side ivvale#Love lona unnavadu#Life lekka cheydanta#Chachinattu side ivvale##Side side side please#We are the local#Side side side please#We are the local#Side side side please#We are the local#Side side side please#Local boys here…#',9,'Srimani',0,'2017-12-26 10:51:09','2017-12-26 10:51:09'),(43,'Achcham Telugandham','##Accham telugandham#Kanulaku dorikenu tholisaari#Blind date ooristhu#Yedhuruga nilichenu sukumari##Phone lo lovely ga#Manasuni kadhipina pillenaa#Choosthe verala endukundhi#Asalu idhi thaanena##She is Miss Mysterious#Kaani bloody gorgeous#Ababa obscurious#Neno confucius (x2##Ushnam entha unte#Thermometer thermometer cheptundi#Siaram height entho#Altimeter altimeter chebutundi#Sandhram lothentho#Fathometer fathometer chebutundi#Ammai gundello matter cheppe#Meter kanipettaledhe##She is Miss Mysterious#Kaani bloody gorgeous#Ababa obscurious#Neno confucius (x2)##Neeli kalalu kane#Tholi tholi alajadi eemena#Malli udayamlo padi padi#Poojalu chesena#Ponge paruvamtho baruvuga#Atu itu thoogenaa#Ayina chaduvulo medhaduku#Padhunuga saagenaa##Oka roopam renduga#Migilindho prashnga#Gamanisthu vinthaga#Thanu nenayyanugaa##She is Miss Mysterious#Kaani bloody gorgeous#Ababa obscurious#Neno confucius#',10,'Ramajogayya Sastry',0,'2017-12-26 10:51:09','2017-12-26 10:51:09'),(44,'Boom Boom','##Boom boom bam bam#Boom boom bam bam#Bhookampala shabdhame#Kutra gutra puttelopey#Ittey kaadha anthamey##Gaalo kannai gasthi kaase#Ghoodachari veedule#Ayye thappu vacche muppu#Anni chedhisthadule##SPY vacchadoi#Rayyarai thayyarai#SPY vacchadoi#Rayyarai rai rai rai##Dori dori don’t you worry#Here is prince of raathiri#Veede unte bhayame ledhu#Navvesthundhi oopiri##Chattam shirtu naligipothe#Chesesthadu isthiri#Pantham patti yedhurochado#Yevade aina history##SPY vacchadoi#Rayyarai thayyarai#SPY vacchadoi#Rayyarai rai rai rai##Marvel comics veedni#Choosinaka raasaremo#Hogwarts lo ee monagaadu#Patta gaani pondhademo (x2)##Theme music akkarleni#Massy herone veedu#Punch edhi veyyakunda#Claps aye kottisthadu##Bhayamunu bomb ga chesthadu#Hrudhayamu lopala pedathadu#Thelivitho aade panivaadu#Gelupuki veede thanavadu##Veediki vinapadakundane#Cheemalu chitikelu veyyavule#Veedini anumathi adagandhe#Krimulika vyapinchavu asale##Boom boom bam bam#Boom boom bam bam#Bhookampala shabdhame#Kutra gutra puttelope#Itte kaadha anthame##Gaalo kannai gasthi kaase#Ghoodachari veedule#Ayye thappu vacche muppu#Anni chedhisthadule##Who’s that guy?#My my my#He’s the SPY#Fly fly fly (x4)###',10,'Ramajogayya Sastry',0,'2017-12-26 10:51:09','2017-12-26 10:51:09'),(45,'Haali Haali','##Ae pucchakaya pucchakaya#Pedavithippi naakichukovey ichchukovey#Ne mechchukunna mechchukunna sokulichchi#Na gundekochchi gundekochchi##Kanne chunniki malle#Nannu uthiki pindi rangu dandaanikesi#Endakaaresi vaanka nadamuku nadamuku#Chuttukove chuttukove sotta bugga chitti jaabili##Haali haali ey hali hali haalibi (x2)#Ae haali haali haalibi#Haali haali ey hali hali haalibi##Ae pucchakaaya pucchakaaya#Pedavithippi naakichchukona ichchukona#Nuvvu mechchukunna mechchukunna sokulichchi#Nee gundekochchi gucchukona##Kanne chunniki malle#Ninnu utiki pindi rangu dandaanikesi#Endakaaresi theesi vanka nadamuku nadamuku#Chuttukoda chuttukoda sotta bugga chitti jaabili##Chamakkula tentubomma lekka needhi#Vedekkina front benchi kicku naadhi#Oh pakkana vundamante vudunandi#Mudhirey pichchi##Challa challa pulla icu vayasidi#Thella thella bellamanti sogasidi#Nashaalame adaraga ichchukora#Adige mirchi##Rangu peechu mithai laanti#Bugge rammande errakarala#Ni pedavi noroorinchi nde#Aakalemo aakasam taaki#Neepai dookinde##Ae pucchakaaya pucchakaaya#Pedavitheepi naakichchukona ichchukona#Icchuko icchuko#Nuv mechchukunna mechchukunna sokulichchi#Nee gundekochchi gucchukona#Gucchuko gucchuko##Kanne chunniki malle#Ninnu uthiki pindi rangu dandaanikesi#Endakaaresi theesi vanka nadamuku nadamuku#Chuttukoda chuttukoda sotta bugga chitti jaabili##Ekkillaku velaa paala teliyadu#Sanneellaku onti manta taragadu#Sandelaku sakkanodu ekkadandi#Perige muddu##Talettina taha taha nilavadu#Adentani kolataku dorakadu#Dimaakkidi dindumeeda#Pandukodu nidurepodu##Chinna teaser choosthu ne#Nuvvu tabbibbayyava#Ika trailer choopinchano abba anukova#Vaayida vese vayasu kaadu#Vaddakostaava##Ae pucchakaaya pucchakaaya#Pedavithipi naak ichchukovey ichchukovey#Ne mechchukunna mechchukunna sokulichchi#Na gundekochchi gundekochchi##Kanne chunniki malle#Ninnu uthiki pindi rangu dandaanikesi#Endakaaresi theesi vanka nadamuku nadamuku#Chuttukoda chuttukoda sotta bugga chitti jabili##Haali haali ae hali hali halibi (x2)##Ae haali haali haalibi#Haali haali ae hali hali haalibi####Telugu Lyrics: http://telugu.surli.in/haali-haali-song-lyrics-spyder-mahesh-babu/#ixzz51TLlSQ9I#',10,'Ramajogayya Sastry',0,'2017-12-26 10:51:09','2017-12-26 10:51:09');
/*!40000 ALTER TABLE `l_lyrics` ENABLE KEYS */;
UNLOCK TABLES;

--
-- Table structure for table `l_movie`
--

DROP TABLE IF EXISTS `l_movie`;
/*!40101 SET @saved_cs_client     = @@character_set_client */;
/*!40101 SET character_set_client = utf8 */;
CREATE TABLE `l_movie` (
  `id` int(4) NOT NULL AUTO_INCREMENT,
  `lang_id` int(4) NOT NULL,
  `movie_year_id` int(4) NOT NULL,
  `movie_name` varchar(256) NOT NULL,
  `movie_release_date` timestamp NOT NULL DEFAULT '0000-00-00 00:00:00',
  `creation_time` timestamp NOT NULL DEFAULT '0000-00-00 00:00:00',
  `updation_time` timestamp NOT NULL DEFAULT '0000-00-00 00:00:00',
  PRIMARY KEY (`id`),
  UNIQUE KEY `id_UNIQUE` (`id`),
  KEY `id` (`id`),
  KEY `l_movie_ibfk_1` (`lang_id`),
  KEY `l_movie_ibfk_2` (`movie_year_id`),
  CONSTRAINT `l_movie_ibfk_1` FOREIGN KEY (`lang_id`) REFERENCES `l_language` (`id`),
  CONSTRAINT `l_movie_ibfk_2` FOREIGN KEY (`movie_year_id`) REFERENCES `l_year` (`id`)
) ENGINE=InnoDB AUTO_INCREMENT=11 DEFAULT CHARSET=latin1;
/*!40101 SET character_set_client = @saved_cs_client */;

--
-- Dumping data for table `l_movie`
--

LOCK TABLES `l_movie` WRITE;
/*!40000 ALTER TABLE `l_movie` DISABLE KEYS */;
INSERT INTO `l_movie` VALUES (1,2,59,'DJ Duvvada Jagannadham','2017-06-22 18:30:00','2017-12-26 10:49:30','2017-12-26 10:49:30'),(2,2,59,'Fidaa','2017-07-20 18:30:00','2017-12-26 10:49:30','2017-12-26 10:49:30'),(3,2,59,'Arjun Reddy','2017-08-24 18:30:00','2017-12-26 10:51:06','2017-12-26 10:51:06'),(4,2,59,'Baahubali 2 The Conclusion','2017-04-27 18:30:00','2017-12-26 10:51:06','2017-12-26 10:51:06'),(5,2,59,'Gautamiputra Satakarni','2017-01-11 18:30:00','2017-12-26 10:51:08','2017-12-26 10:51:08'),(6,2,59,'Jai Lava Kusa','2017-09-20 18:30:00','2017-12-26 10:51:08','2017-12-26 10:51:08'),(7,2,59,'Katamarayudu','2017-03-23 18:30:00','2017-12-26 10:51:08','2017-12-26 10:51:08'),(8,2,59,'Khaidi No 150','2017-01-10 18:30:00','2017-12-26 10:51:09','2017-12-26 10:51:09'),(9,2,59,'Nenu Local','2017-02-02 18:30:00','2017-12-26 10:51:09','2017-12-26 10:51:09'),(10,2,59,'Spyder','2017-09-26 18:30:00','2017-12-26 10:51:09','2017-12-26 10:51:09');
/*!40000 ALTER TABLE `l_movie` ENABLE KEYS */;
UNLOCK TABLES;

--
-- Table structure for table `l_year`
--

DROP TABLE IF EXISTS `l_year`;
/*!40101 SET @saved_cs_client     = @@character_set_client */;
/*!40101 SET character_set_client = utf8 */;
CREATE TABLE `l_year` (
  `id` int(4) NOT NULL AUTO_INCREMENT,
  `lyric_year` year(4) NOT NULL,
  PRIMARY KEY (`id`),
  UNIQUE KEY `id_UNIQUE` (`id`),
  UNIQUE KEY `lyric_year_UNIQUE` (`lyric_year`),
  KEY `id` (`id`)
) ENGINE=InnoDB AUTO_INCREMENT=73 DEFAULT CHARSET=latin1;
/*!40101 SET character_set_client = @saved_cs_client */;

--
-- Dumping data for table `l_year`
--

LOCK TABLES `l_year` WRITE;
/*!40000 ALTER TABLE `l_year` DISABLE KEYS */;
INSERT INTO `l_year` VALUES (1,1960),(2,1961),(3,1962),(4,1963),(5,1964),(6,1965),(7,1966),(8,1967),(9,1968),(10,1969),(11,1970),(12,1971),(13,1972),(14,1973),(15,1974),(16,1975),(17,1976),(18,1977),(19,1978),(21,1979),(22,1980),(23,1981),(24,1982),(25,1983),(26,1984),(27,1985),(28,1986),(29,1987),(30,1988),(31,1989),(32,1990),(33,1991),(34,1992),(35,1993),(36,1994),(37,1995),(38,1996),(39,1997),(40,1998),(41,1999),(42,2000),(43,2001),(44,2002),(45,2003),(46,2004),(47,2005),(48,2006),(49,2007),(50,2008),(51,2009),(52,2010),(53,2011),(54,2012),(55,2013),(56,2014),(57,2015),(58,2016),(59,2017),(60,2018),(61,2019),(62,2020),(63,2021),(64,2022),(65,2023),(66,2024),(67,2025),(68,2026),(69,2027),(70,2028),(71,2029),(72,2030);
/*!40000 ALTER TABLE `l_year` ENABLE KEYS */;
UNLOCK TABLES;
/*!40103 SET TIME_ZONE=@OLD_TIME_ZONE */;

/*!40101 SET SQL_MODE=@OLD_SQL_MODE */;
/*!40014 SET FOREIGN_KEY_CHECKS=@OLD_FOREIGN_KEY_CHECKS */;
/*!40014 SET UNIQUE_CHECKS=@OLD_UNIQUE_CHECKS */;
/*!40101 SET CHARACTER_SET_CLIENT=@OLD_CHARACTER_SET_CLIENT */;
/*!40101 SET CHARACTER_SET_RESULTS=@OLD_CHARACTER_SET_RESULTS */;
/*!40101 SET COLLATION_CONNECTION=@OLD_COLLATION_CONNECTION */;
/*!40111 SET SQL_NOTES=@OLD_SQL_NOTES */;

-- Dump completed on 2018-01-18 22:17:58
