-- MySQL dump 10.13  Distrib 5.7.17, for Win64 (x86_64)
--
-- Host: 127.0.0.1    Database: lyrics
-- ------------------------------------------------------
-- Server version	5.7.20-log

/*!40101 SET @OLD_CHARACTER_SET_CLIENT=@@CHARACTER_SET_CLIENT */;
/*!40101 SET @OLD_CHARACTER_SET_RESULTS=@@CHARACTER_SET_RESULTS */;
/*!40101 SET @OLD_COLLATION_CONNECTION=@@COLLATION_CONNECTION */;
/*!40101 SET NAMES utf8 */;
/*!40103 SET @OLD_TIME_ZONE=@@TIME_ZONE */;
/*!40103 SET TIME_ZONE='+00:00' */;
/*!40014 SET @OLD_UNIQUE_CHECKS=@@UNIQUE_CHECKS, UNIQUE_CHECKS=0 */;
/*!40014 SET @OLD_FOREIGN_KEY_CHECKS=@@FOREIGN_KEY_CHECKS, FOREIGN_KEY_CHECKS=0 */;
/*!40101 SET @OLD_SQL_MODE=@@SQL_MODE, SQL_MODE='NO_AUTO_VALUE_ON_ZERO' */;
/*!40111 SET @OLD_SQL_NOTES=@@SQL_NOTES, SQL_NOTES=0 */;

--
-- Table structure for table `l_language`
--

DROP TABLE IF EXISTS `l_language`;
/*!40101 SET @saved_cs_client     = @@character_set_client */;
/*!40101 SET character_set_client = utf8 */;
CREATE TABLE `l_language` (
  `id` int(4) NOT NULL AUTO_INCREMENT,
  `lang_name` varchar(256) NOT NULL,
  PRIMARY KEY (`id`),
  UNIQUE KEY `id_UNIQUE` (`id`),
  UNIQUE KEY `lang_name_UNIQUE` (`lang_name`),
  KEY `id` (`id`)
) ENGINE=InnoDB AUTO_INCREMENT=5 DEFAULT CHARSET=latin1;
/*!40101 SET character_set_client = @saved_cs_client */;

--
-- Dumping data for table `l_language`
--

LOCK TABLES `l_language` WRITE;
/*!40000 ALTER TABLE `l_language` DISABLE KEYS */;
INSERT INTO `l_language` VALUES (1,'ENGLISH'),(3,'HINDI'),(4,'TAMIL'),(2,'TELUGU');
/*!40000 ALTER TABLE `l_language` ENABLE KEYS */;
UNLOCK TABLES;

--
-- Table structure for table `l_lyrics`
--

DROP TABLE IF EXISTS `l_lyrics`;
/*!40101 SET @saved_cs_client     = @@character_set_client */;
/*!40101 SET character_set_client = utf8 */;
CREATE TABLE `l_lyrics` (
  `id` int(10) NOT NULL AUTO_INCREMENT,
  `lyric_title` varchar(256) NOT NULL,
  `lyric_content` longtext NOT NULL,
  `movie_id` int(4) NOT NULL,
  `writer_name` varchar(256) NOT NULL,
  `lyric_views` int(10) DEFAULT '0',
  `creation_time` timestamp NOT NULL DEFAULT CURRENT_TIMESTAMP ON UPDATE CURRENT_TIMESTAMP,
  `updation_time` timestamp NOT NULL DEFAULT '0000-00-00 00:00:00',
  PRIMARY KEY (`id`),
  UNIQUE KEY `id_UNIQUE` (`id`),
  KEY `movie_id` (`movie_id`),
  CONSTRAINT `l_lyrics_ibfk_1` FOREIGN KEY (`movie_id`) REFERENCES `l_movie` (`id`)
) ENGINE=InnoDB AUTO_INCREMENT=11 DEFAULT CHARSET=latin1;
/*!40101 SET character_set_client = @saved_cs_client */;

--
-- Dumping data for table `l_lyrics`
--

LOCK TABLES `l_lyrics` WRITE;
/*!40000 ALTER TABLE `l_lyrics` DISABLE KEYS */;
INSERT INTO `l_lyrics` VALUES (1,'Baitikochi Chuste','##Baitikochi Chuste Telugu Lyrics#Baitikochi choosthe time emo 3’0 clock#Intikelle 12B route mottham road block##Baitikochi choosthe time emo 3’0 clock#Intikelle 12B route mottham road block##Oye nee chethikunna bangles ye#Thalamesena sandles ye#Walk way lo choosthe#Puvvula rekkalu full ga kappese#Corner lo coffee shop#Vedi vedi ga whistle ese#Bus kitiki dhaggara#College student phone lo moge#FM lo evvaro paadithe#Vollantha endhuko voogene#Apple pandula sooryude#Aeroplane la naa gunde#Thelindhe gaalilo mabbula#Jaarindhe nelapai needala#Volle gucchele sudden ga#Challagaale villian laa# #Baitikochi choosthe time emo 3’0 clock#Intikelle 12B route mottham road block##Baitikochi choosthe time emo 3’0 clock#Intikelle 12B route mottham road block##Nee pakka nunna vela car horn kooda#Classical music aa#Ee mandutenda kooda AC jalluthondhi#Nee navvuloni magic aa#Taxi hire chesi nuvvu#Beramaaduthunte cute gundhi basic ga#Breaks vesinappudalla nee bugga nannu thaki#Sorry cheppe naazugga#Nuvvunna kitiki ye vaipo vethiki#WhatsApp chesthava#Mabbulni kadhipi mohamaata petti#Chandhrudni thesthaga##Baitikochi choosthe time emo 3’0 clock#Intikelle 12B route mottham road block##FM lo evvaro paadithe#Vollantha endhuko voogene#Apple pandula sooryude#Aeroplane la naa gunde#Thelindhe gaalilo mabbula#Jaarindhe nelapai needala#Volle gucchele sudden ga#Challagaale villian laa#',1,'Sri Mani',NULL,'2017-12-18 09:53:23','2017-12-18 09:53:23'),(2,'Ciciliya Ciciliya ','##Baitikochi Chuste Telugu Lyrics#Baitikochi choosthe time emo 3’0 clock#Intikelle 12B route mottham road block##Baitikochi choosthe time emo 3’0 clock#Intikelle 12B route mottham road block##Oye nee chethikunna bangles ye#Thalamesena sandles ye#Walk way lo choosthe#Puvvula rekkalu full ga kappese#Corner lo coffee shop#Vedi vedi ga whistle ese#Bus kitiki dhaggara#College student phone lo moge#FM lo evvaro paadithe#Vollantha endhuko voogene#Apple pandula sooryude#Aeroplane la naa gunde#Thelindhe gaalilo mabbula#Jaarindhe nelapai needala#Volle gucchele sudden ga#Challagaale villian laa# #Baitikochi choosthe time emo 3’0 clock#Intikelle 12B route mottham road block##Baitikochi choosthe time emo 3’0 clock#Intikelle 12B route mottham road block##Nee pakka nunna vela car horn kooda#Classical music aa#Ee mandutenda kooda AC jalluthondhi#Nee navvuloni magic aa#Taxi hire chesi nuvvu#Beramaaduthunte cute gundhi basic ga#Breaks vesinappudalla nee bugga nannu thaki#Sorry cheppe naazugga#Nuvvunna kitiki ye vaipo vethiki#WhatsApp chesthava#Mabbulni kadhipi mohamaata petti#Chandhrudni thesthaga##Baitikochi choosthe time emo 3’0 clock#Intikelle 12B route mottham road block##FM lo evvaro paadithe#Vollantha endhuko voogene#Apple pandula sooryude#Aeroplane la naa gunde#Thelindhe gaalilo mabbula#Jaarindhe nelapai needala#Volle gucchele sudden ga#Challagaale villian laa###Ciciliya ciciliya#Chiru chiru gaali ki sega pedadhama#Ciciliya ciciliya#Chekumuki muddhulu modhaledadama (x2)##Alasala alasala ailema#Hey alasala ailema#Alasala alasala ailema ailelema##Alasala alasala ailema#Hey alasala ailema#Alasala alasala ailema ailelemaaaa# #Hey pilla achacha#Na cheyyi thakincha#Thaapala goru vecha vedi pencha#Inkendhuke charcha#123 lekkincha#Paruvala aaku paccha aakalnincha##Thirige ee jagamunu choosthe#Nijame nee sogasulo kasthe#Idhigo idhi pagile vaarthe#Pagila nuv navvu visiresthe##Ciciliya ciciliya#Chiru chiru gaali ki sega pedadhama#Ciciliya ciciliya#Chekumuki muddhulu modhaledadama##Ciciliya ciciliya#Chiru chiru gaali ki sega pedadhama#Ciciliya ciciliya#Chekumuki muddhulu modhaledadama##Fan signal leni chotai#Red signal leni baatai#Neetho enchakka egiripovali##O breakfast ai nee paadale#Lunch alle hrudayam chale#Na dinner ante nee neelaala kalle##Naa deha desam nee sparsha kosam#Nee chilipi mosam its okay awesome##Ciciliya ciciliya#Chiru chiru gaali ki sega pedadhama#Ciciliya ciciliya#Chekumuki muddhulu modaledadama##Ciciliya ula lallala le oo#Ciciliya ula lallala le oo##Hey alasala alasala aile#Ye alasala alasa aile#Hey alasala alasala aile#Ta na na nana##Hey alasala alasala aile#Ye alasala alasa aile#Hey alasala alasala aile#Ta na na nana##Nee gunde window terichi#Pandora puvvulu techi#I love you ante, pulakinchi pothaaa##Naa kosam nachi mechi#La la la melody nerchi#Nuv paaduthunte poodhotai potha##Ooo gammatthugundhi pedhavanchu samaram#Polythene laga mana prema amaram##Ciciliya ciciliya#Chiru chiru gaali ki sega pedadhama#Ciciliya ciciliya#Chekumuki muddhulu modhaledadama##Ciciliya ciciliya#Chiru chiru gali ki sega pedadhama#Ciciliya ciciliya#Cicili hoooo##Hey pilla achacha#Na cheyyi thakincha#Thaapala goru veccha vedi pencha##Heyy neekosam achacha#Dhoorale thaggincha#Lipstick la poola thene raasukocha##Thirige ee jagamunu choosthe#Nijame nee sogasulo kasthe#Idigo idhi pagile vaarthe#Pagila nuv navvu visiresthe#',2,'Ramajogayya Sastry',NULL,'2017-12-18 09:53:23','2017-12-18 09:53:23'),(3,'Jai Lava Kusa Anthem ','##Baitikochi Chuste Telugu Lyrics#Baitikochi choosthe time emo 3’0 clock#Intikelle 12B route mottham road block##Baitikochi choosthe time emo 3’0 clock#Intikelle 12B route mottham road block##Oye nee chethikunna bangles ye#Thalamesena sandles ye#Walk way lo choosthe#Puvvula rekkalu full ga kappese#Corner lo coffee shop#Vedi vedi ga whistle ese#Bus kitiki dhaggara#College student phone lo moge#FM lo evvaro paadithe#Vollantha endhuko voogene#Apple pandula sooryude#Aeroplane la naa gunde#Thelindhe gaalilo mabbula#Jaarindhe nelapai needala#Volle gucchele sudden ga#Challagaale villian laa# #Baitikochi choosthe time emo 3’0 clock#Intikelle 12B route mottham road block##Baitikochi choosthe time emo 3’0 clock#Intikelle 12B route mottham road block##Nee pakka nunna vela car horn kooda#Classical music aa#Ee mandutenda kooda AC jalluthondhi#Nee navvuloni magic aa#Taxi hire chesi nuvvu#Beramaaduthunte cute gundhi basic ga#Breaks vesinappudalla nee bugga nannu thaki#Sorry cheppe naazugga#Nuvvunna kitiki ye vaipo vethiki#WhatsApp chesthava#Mabbulni kadhipi mohamaata petti#Chandhrudni thesthaga##Baitikochi choosthe time emo 3’0 clock#Intikelle 12B route mottham road block##FM lo evvaro paadithe#Vollantha endhuko voogene#Apple pandula sooryude#Aeroplane la naa gunde#Thelindhe gaalilo mabbula#Jaarindhe nelapai needala#Volle gucchele sudden ga#Challagaale villian laa###Ciciliya ciciliya#Chiru chiru gaali ki sega pedadhama#Ciciliya ciciliya#Chekumuki muddhulu modhaledadama (x2)##Alasala alasala ailema#Hey alasala ailema#Alasala alasala ailema ailelema##Alasala alasala ailema#Hey alasala ailema#Alasala alasala ailema ailelemaaaa# #Hey pilla achacha#Na cheyyi thakincha#Thaapala goru vecha vedi pencha#Inkendhuke charcha#123 lekkincha#Paruvala aaku paccha aakalnincha##Thirige ee jagamunu choosthe#Nijame nee sogasulo kasthe#Idhigo idhi pagile vaarthe#Pagila nuv navvu visiresthe##Ciciliya ciciliya#Chiru chiru gaali ki sega pedadhama#Ciciliya ciciliya#Chekumuki muddhulu modhaledadama##Ciciliya ciciliya#Chiru chiru gaali ki sega pedadhama#Ciciliya ciciliya#Chekumuki muddhulu modhaledadama##Fan signal leni chotai#Red signal leni baatai#Neetho enchakka egiripovali##O breakfast ai nee paadale#Lunch alle hrudayam chale#Na dinner ante nee neelaala kalle##Naa deha desam nee sparsha kosam#Nee chilipi mosam its okay awesome##Ciciliya ciciliya#Chiru chiru gaali ki sega pedadhama#Ciciliya ciciliya#Chekumuki muddhulu modaledadama##Ciciliya ula lallala le oo#Ciciliya ula lallala le oo##Hey alasala alasala aile#Ye alasala alasa aile#Hey alasala alasala aile#Ta na na nana##Hey alasala alasala aile#Ye alasala alasa aile#Hey alasala alasala aile#Ta na na nana##Nee gunde window terichi#Pandora puvvulu techi#I love you ante, pulakinchi pothaaa##Naa kosam nachi mechi#La la la melody nerchi#Nuv paaduthunte poodhotai potha##Ooo gammatthugundhi pedhavanchu samaram#Polythene laga mana prema amaram##Ciciliya ciciliya#Chiru chiru gaali ki sega pedadhama#Ciciliya ciciliya#Chekumuki muddhulu modhaledadama##Ciciliya ciciliya#Chiru chiru gali ki sega pedadhama#Ciciliya ciciliya#Cicili hoooo##Hey pilla achacha#Na cheyyi thakincha#Thaapala goru veccha vedi pencha##Heyy neekosam achacha#Dhoorale thaggincha#Lipstick la poola thene raasukocha##Thirige ee jagamunu choosthe#Nijame nee sogasulo kasthe#Idigo idhi pagile vaarthe#Pagila nuv navvu visiresthe###Andamaina Lokam#Akkado aakasham#Egurtuthunna Pakshule moodu##Chinna vaati kanta#Neeru raaneekunda#Thana Navvu addu pedathadu peddhodu##Kaavalunde#Gunde vaadu#Seva chese#Cheyi vaadu#Anna antene vaadu#Thanane marichaam aanaadu# #Andamaina Lokam#Akkado aakasam#Egurtuthunna Pakshule moodu##Okkachote vunna#Pakka pakkane vunna#Mana madhya entho dhooram aanaadu##Dhooramantha#Paaripoga#Prema panche#Roju raaga#Jaale leni santhosam#Ninne chese sudhooram#Entho dhooram Chala dhooram#',3,'Chandrabose',NULL,'2017-12-18 09:53:23','2017-12-18 09:53:23'),(4,'Gaali Vaaluga ','##Baitikochi Chuste Telugu Lyrics#Baitikochi choosthe time emo 3’0 clock#Intikelle 12B route mottham road block##Baitikochi choosthe time emo 3’0 clock#Intikelle 12B route mottham road block##Oye nee chethikunna bangles ye#Thalamesena sandles ye#Walk way lo choosthe#Puvvula rekkalu full ga kappese#Corner lo coffee shop#Vedi vedi ga whistle ese#Bus kitiki dhaggara#College student phone lo moge#FM lo evvaro paadithe#Vollantha endhuko voogene#Apple pandula sooryude#Aeroplane la naa gunde#Thelindhe gaalilo mabbula#Jaarindhe nelapai needala#Volle gucchele sudden ga#Challagaale villian laa# #Baitikochi choosthe time emo 3’0 clock#Intikelle 12B route mottham road block##Baitikochi choosthe time emo 3’0 clock#Intikelle 12B route mottham road block##Nee pakka nunna vela car horn kooda#Classical music aa#Ee mandutenda kooda AC jalluthondhi#Nee navvuloni magic aa#Taxi hire chesi nuvvu#Beramaaduthunte cute gundhi basic ga#Breaks vesinappudalla nee bugga nannu thaki#Sorry cheppe naazugga#Nuvvunna kitiki ye vaipo vethiki#WhatsApp chesthava#Mabbulni kadhipi mohamaata petti#Chandhrudni thesthaga##Baitikochi choosthe time emo 3’0 clock#Intikelle 12B route mottham road block##FM lo evvaro paadithe#Vollantha endhuko voogene#Apple pandula sooryude#Aeroplane la naa gunde#Thelindhe gaalilo mabbula#Jaarindhe nelapai needala#Volle gucchele sudden ga#Challagaale villian laa###Ciciliya ciciliya#Chiru chiru gaali ki sega pedadhama#Ciciliya ciciliya#Chekumuki muddhulu modhaledadama (x2)##Alasala alasala ailema#Hey alasala ailema#Alasala alasala ailema ailelema##Alasala alasala ailema#Hey alasala ailema#Alasala alasala ailema ailelemaaaa# #Hey pilla achacha#Na cheyyi thakincha#Thaapala goru vecha vedi pencha#Inkendhuke charcha#123 lekkincha#Paruvala aaku paccha aakalnincha##Thirige ee jagamunu choosthe#Nijame nee sogasulo kasthe#Idhigo idhi pagile vaarthe#Pagila nuv navvu visiresthe##Ciciliya ciciliya#Chiru chiru gaali ki sega pedadhama#Ciciliya ciciliya#Chekumuki muddhulu modhaledadama##Ciciliya ciciliya#Chiru chiru gaali ki sega pedadhama#Ciciliya ciciliya#Chekumuki muddhulu modhaledadama##Fan signal leni chotai#Red signal leni baatai#Neetho enchakka egiripovali##O breakfast ai nee paadale#Lunch alle hrudayam chale#Na dinner ante nee neelaala kalle##Naa deha desam nee sparsha kosam#Nee chilipi mosam its okay awesome##Ciciliya ciciliya#Chiru chiru gaali ki sega pedadhama#Ciciliya ciciliya#Chekumuki muddhulu modaledadama##Ciciliya ula lallala le oo#Ciciliya ula lallala le oo##Hey alasala alasala aile#Ye alasala alasa aile#Hey alasala alasala aile#Ta na na nana##Hey alasala alasala aile#Ye alasala alasa aile#Hey alasala alasala aile#Ta na na nana##Nee gunde window terichi#Pandora puvvulu techi#I love you ante, pulakinchi pothaaa##Naa kosam nachi mechi#La la la melody nerchi#Nuv paaduthunte poodhotai potha##Ooo gammatthugundhi pedhavanchu samaram#Polythene laga mana prema amaram##Ciciliya ciciliya#Chiru chiru gaali ki sega pedadhama#Ciciliya ciciliya#Chekumuki muddhulu modhaledadama##Ciciliya ciciliya#Chiru chiru gali ki sega pedadhama#Ciciliya ciciliya#Cicili hoooo##Hey pilla achacha#Na cheyyi thakincha#Thaapala goru veccha vedi pencha##Heyy neekosam achacha#Dhoorale thaggincha#Lipstick la poola thene raasukocha##Thirige ee jagamunu choosthe#Nijame nee sogasulo kasthe#Idigo idhi pagile vaarthe#Pagila nuv navvu visiresthe###Andamaina Lokam#Akkado aakasham#Egurtuthunna Pakshule moodu##Chinna vaati kanta#Neeru raaneekunda#Thana Navvu addu pedathadu peddhodu##Kaavalunde#Gunde vaadu#Seva chese#Cheyi vaadu#Anna antene vaadu#Thanane marichaam aanaadu# #Andamaina Lokam#Akkado aakasam#Egurtuthunna Pakshule moodu##Okkachote vunna#Pakka pakkane vunna#Mana madhya entho dhooram aanaadu##Dhooramantha#Paaripoga#Prema panche#Roju raaga#Jaale leni santhosam#Ninne chese sudhooram#Entho dhooram Chala dhooram####Gaali vaaluga o gulabi vaali#Gaayamainadhee naa gundeki thagili#Thapinchipona prathi kshanam#Ilaaga nee kosam#Tharinchi pona cheli ila#Dhorikithe nee sneham##Yem chesave mabbulanu puvvullo#Thadipi thene jadilo#Munchesave gaalulaku gandham raasi#Paiki visuruthaave#Yem chesthave merupu chura katthulni#Dhoosi paduchu yedhalo#Dinchesave thalapune thunakalu chesi#Thapana penchuthaave##Nadiche harivilla nanu nuvvilla#Mudipeduthunte yela#Anuvanuvuna vila vila manadha#Praanam niluvella#Nila nila nila nilabadu pilla#Gaalipatamla yegarake alla#Sukumari sogasunala#Ontariga vodhalaala##Choosthene gaali vaaluga#O gulabi vaali# #Gaayamainadhee naa gundeki thagili#Thapinchipona prathi kshanam#Ilaaga nee kosam#Tharinchi pona cheli ila#Dhorikithe nee sneham##Kora kora kopamela#Chura chura choopuvela#Manohari maadipona, antha udikisthe#Are ani jaalipadavem paapam kadhe preyasi#Sare ani challabadave mosi pisachi#Uhu alaa thippukuntu thoolipoke oorvasi#Aho alaa navvuthaave meesam melesi##Yennaallinka oorike oohallo#Untav penki pilla#Chaalle inka maanuko#Mundhu venaka choosukoni pantham#Aalochiddham chakkaga koorchoni#Charichiddham chaalu yuddham#Raahikoddham koddhiga kalisosthe#Neekemitantha kashtam##Nadiche harivilla nanu nuvvilla#Mudipeduthunte yela#Anuvanuvuna vila vila manadha#Praanam niluvella#Nila nila nila nilabadu pilla#Gaalipatamla yegarake alla#Sukumari sogasunala#Ontariga vodhalaala##Yem cheyalole gaalivaaluga#O gulabi vaali#Gaayamainadhee naa gundeki thagili#Thapinchipona prathi kshanam#Ilaaga nee kosam#Tharinchi pona cheli ila#Dhorikithe nee sneham#',4,'Sirivennela Seetharama Sastry',NULL,'2017-12-18 09:53:23','2017-12-18 09:53:23'),(5,'Madhurame ','##Baitikochi Chuste Telugu Lyrics#Baitikochi choosthe time emo 3’0 clock#Intikelle 12B route mottham road block##Baitikochi choosthe time emo 3’0 clock#Intikelle 12B route mottham road block##Oye nee chethikunna bangles ye#Thalamesena sandles ye#Walk way lo choosthe#Puvvula rekkalu full ga kappese#Corner lo coffee shop#Vedi vedi ga whistle ese#Bus kitiki dhaggara#College student phone lo moge#FM lo evvaro paadithe#Vollantha endhuko voogene#Apple pandula sooryude#Aeroplane la naa gunde#Thelindhe gaalilo mabbula#Jaarindhe nelapai needala#Volle gucchele sudden ga#Challagaale villian laa# #Baitikochi choosthe time emo 3’0 clock#Intikelle 12B route mottham road block##Baitikochi choosthe time emo 3’0 clock#Intikelle 12B route mottham road block##Nee pakka nunna vela car horn kooda#Classical music aa#Ee mandutenda kooda AC jalluthondhi#Nee navvuloni magic aa#Taxi hire chesi nuvvu#Beramaaduthunte cute gundhi basic ga#Breaks vesinappudalla nee bugga nannu thaki#Sorry cheppe naazugga#Nuvvunna kitiki ye vaipo vethiki#WhatsApp chesthava#Mabbulni kadhipi mohamaata petti#Chandhrudni thesthaga##Baitikochi choosthe time emo 3’0 clock#Intikelle 12B route mottham road block##FM lo evvaro paadithe#Vollantha endhuko voogene#Apple pandula sooryude#Aeroplane la naa gunde#Thelindhe gaalilo mabbula#Jaarindhe nelapai needala#Volle gucchele sudden ga#Challagaale villian laa###Ciciliya ciciliya#Chiru chiru gaali ki sega pedadhama#Ciciliya ciciliya#Chekumuki muddhulu modhaledadama (x2)##Alasala alasala ailema#Hey alasala ailema#Alasala alasala ailema ailelema##Alasala alasala ailema#Hey alasala ailema#Alasala alasala ailema ailelemaaaa# #Hey pilla achacha#Na cheyyi thakincha#Thaapala goru vecha vedi pencha#Inkendhuke charcha#123 lekkincha#Paruvala aaku paccha aakalnincha##Thirige ee jagamunu choosthe#Nijame nee sogasulo kasthe#Idhigo idhi pagile vaarthe#Pagila nuv navvu visiresthe##Ciciliya ciciliya#Chiru chiru gaali ki sega pedadhama#Ciciliya ciciliya#Chekumuki muddhulu modhaledadama##Ciciliya ciciliya#Chiru chiru gaali ki sega pedadhama#Ciciliya ciciliya#Chekumuki muddhulu modhaledadama##Fan signal leni chotai#Red signal leni baatai#Neetho enchakka egiripovali##O breakfast ai nee paadale#Lunch alle hrudayam chale#Na dinner ante nee neelaala kalle##Naa deha desam nee sparsha kosam#Nee chilipi mosam its okay awesome##Ciciliya ciciliya#Chiru chiru gaali ki sega pedadhama#Ciciliya ciciliya#Chekumuki muddhulu modaledadama##Ciciliya ula lallala le oo#Ciciliya ula lallala le oo##Hey alasala alasala aile#Ye alasala alasa aile#Hey alasala alasala aile#Ta na na nana##Hey alasala alasala aile#Ye alasala alasa aile#Hey alasala alasala aile#Ta na na nana##Nee gunde window terichi#Pandora puvvulu techi#I love you ante, pulakinchi pothaaa##Naa kosam nachi mechi#La la la melody nerchi#Nuv paaduthunte poodhotai potha##Ooo gammatthugundhi pedhavanchu samaram#Polythene laga mana prema amaram##Ciciliya ciciliya#Chiru chiru gaali ki sega pedadhama#Ciciliya ciciliya#Chekumuki muddhulu modhaledadama##Ciciliya ciciliya#Chiru chiru gali ki sega pedadhama#Ciciliya ciciliya#Cicili hoooo##Hey pilla achacha#Na cheyyi thakincha#Thaapala goru veccha vedi pencha##Heyy neekosam achacha#Dhoorale thaggincha#Lipstick la poola thene raasukocha##Thirige ee jagamunu choosthe#Nijame nee sogasulo kasthe#Idigo idhi pagile vaarthe#Pagila nuv navvu visiresthe###Andamaina Lokam#Akkado aakasham#Egurtuthunna Pakshule moodu##Chinna vaati kanta#Neeru raaneekunda#Thana Navvu addu pedathadu peddhodu##Kaavalunde#Gunde vaadu#Seva chese#Cheyi vaadu#Anna antene vaadu#Thanane marichaam aanaadu# #Andamaina Lokam#Akkado aakasam#Egurtuthunna Pakshule moodu##Okkachote vunna#Pakka pakkane vunna#Mana madhya entho dhooram aanaadu##Dhooramantha#Paaripoga#Prema panche#Roju raaga#Jaale leni santhosam#Ninne chese sudhooram#Entho dhooram Chala dhooram####Gaali vaaluga o gulabi vaali#Gaayamainadhee naa gundeki thagili#Thapinchipona prathi kshanam#Ilaaga nee kosam#Tharinchi pona cheli ila#Dhorikithe nee sneham##Yem chesave mabbulanu puvvullo#Thadipi thene jadilo#Munchesave gaalulaku gandham raasi#Paiki visuruthaave#Yem chesthave merupu chura katthulni#Dhoosi paduchu yedhalo#Dinchesave thalapune thunakalu chesi#Thapana penchuthaave##Nadiche harivilla nanu nuvvilla#Mudipeduthunte yela#Anuvanuvuna vila vila manadha#Praanam niluvella#Nila nila nila nilabadu pilla#Gaalipatamla yegarake alla#Sukumari sogasunala#Ontariga vodhalaala##Choosthene gaali vaaluga#O gulabi vaali# #Gaayamainadhee naa gundeki thagili#Thapinchipona prathi kshanam#Ilaaga nee kosam#Tharinchi pona cheli ila#Dhorikithe nee sneham##Kora kora kopamela#Chura chura choopuvela#Manohari maadipona, antha udikisthe#Are ani jaalipadavem paapam kadhe preyasi#Sare ani challabadave mosi pisachi#Uhu alaa thippukuntu thoolipoke oorvasi#Aho alaa navvuthaave meesam melesi##Yennaallinka oorike oohallo#Untav penki pilla#Chaalle inka maanuko#Mundhu venaka choosukoni pantham#Aalochiddham chakkaga koorchoni#Charichiddham chaalu yuddham#Raahikoddham koddhiga kalisosthe#Neekemitantha kashtam##Nadiche harivilla nanu nuvvilla#Mudipeduthunte yela#Anuvanuvuna vila vila manadha#Praanam niluvella#Nila nila nila nilabadu pilla#Gaalipatamla yegarake alla#Sukumari sogasunala#Ontariga vodhalaala##Yem cheyalole gaalivaaluga#O gulabi vaali#Gaayamainadhee naa gundeki thagili#Thapinchipona prathi kshanam#Ilaaga nee kosam#Tharinchi pona cheli ila#Dhorikithe nee sneham###Madhurame ee kshaname oo cheli#Madhurame ee kshaname#Madhurame veekshaname oo cheli#Madhurame veekshaname#Madhurame laalasaye#Madhuram laalanaye#Madhurame laahirile#Madhuram laalithame#Madhu pavanam veechi#Madhu pavanam veechi#Paruvame myamarachindhile##Kaalam parugulu aapi veeksinche andhale#Moham thanmayamondhi swasinche gandhaale#Oorinche ruchulani marigi#Udikinche thaapaaley#Uppenge oopiri segaloo#Kavincheee dhaahaley#Mounangaaa madhuvala jadilonaa#Pulakinchee praanalee##Madhurame ee kshaname oo cheli#Madhurame ee kshaname##Veeche gaalulu dhaagi#Cheppenee gusa gusalee#Choose musi musi navvulu#Chese baasalaneee#Vasamai aanandhapu logita#Arudhenchi aakasam#Sagami ee sagaramandhe#Agupinche aasaantham#Theeram mudivesina dhaaram#Theerche edha baaraale…##Madhurame ee kshaname oo cheli#Madhurame ee kshaname#Madhurame veekshaname oo cheli#Madhurame veekshaname#Madhurame laalasaye#Madhuram laalanaye#Madhuram laahirile#Madhuram laalithame#Madhu pavanam veechi#Madhu pavanam veechi#Paruvame myamarachindhile#',5,'Shreshta',NULL,'2017-12-18 09:53:23','2017-12-18 09:53:23'),(6,'Mahanubhavudu ','##Mahanubhavuda veraa#Nuvve naa mahanubhavuda veraa#Mahanubhavudu veraa#Nuvve naa mahanubhavudu veraa##Adagandhe gaalaina tagaloddu antunne#Athi prema choopeti alavatu needhe ra#Mahanubhavuda veraa#Nuvve naa mahanubhavuda veraa#Mahanubhavuda veraa#Nuvve naa mahanubhavuda veraa##Wanna wanna wanna wanna wanna#Don’t you wanna wanna wanna wanna#Don’t you wanna#Come and get me now##Wanna wanna wanna wanna wanna#Don’t you wanna wanna wanna wanna#Don’t you wanna#Come and get me now##Kanulani kadige kalaganuvaade#Chinukulanaina vadagaduthaade#Aduguku mundhe tuduchunu nele#Kadhipithe kaale paruchunu poole##Musugese muthyanivoo…#Marakunte maaredu#Munukoosa maaredu#Machasale lenodu#Chandurudemo vaadu##Edhuruga unna egabadipode#Yedamuga unde yedha sadi veede#Kudaradhu anna kuduruga unde#Kalapadutunna kadaladu choode##Arudhaina abbayiro#Pedhavaina thakindho#Thega siggu ruddhedu#Kurulaina aaredu#Chedhireno sardhedu##Mahanubhavuda veraa#Nuvve naa mahanubhavuda veraa#Mahanubhavuda veraa#Nuvve naa mahanubhavuda veraa##Wanna wanna wanna wanna wanna#Don’t you wanna wanna wanna wanna#Don’t you wanna#Come and get me now##Wanna wanna wanna wanna wanna#Don’t you wanna wanna wanna wanna#Don’t you wanna#Come and get me now#',6,'Krishna kanth',NULL,'2017-12-18 09:55:17','2017-12-18 09:55:17'),(7,'Nee Kallalona ','##Mahanubhavuda veraa#Nuvve naa mahanubhavuda veraa#Mahanubhavudu veraa#Nuvve naa mahanubhavudu veraa##Adagandhe gaalaina tagaloddu antunne#Athi prema choopeti alavatu needhe ra#Mahanubhavuda veraa#Nuvve naa mahanubhavuda veraa#Mahanubhavuda veraa#Nuvve naa mahanubhavuda veraa##Wanna wanna wanna wanna wanna#Don’t you wanna wanna wanna wanna#Don’t you wanna#Come and get me now##Wanna wanna wanna wanna wanna#Don’t you wanna wanna wanna wanna#Don’t you wanna#Come and get me now##Kanulani kadige kalaganuvaade#Chinukulanaina vadagaduthaade#Aduguku mundhe tuduchunu nele#Kadhipithe kaale paruchunu poole##Musugese muthyanivoo…#Marakunte maaredu#Munukoosa maaredu#Machasale lenodu#Chandurudemo vaadu##Edhuruga unna egabadipode#Yedamuga unde yedha sadi veede#Kudaradhu anna kuduruga unde#Kalapadutunna kadaladu choode##Arudhaina abbayiro#Pedhavaina thakindho#Thega siggu ruddhedu#Kurulaina aaredu#Chedhireno sardhedu##Mahanubhavuda veraa#Nuvve naa mahanubhavuda veraa#Mahanubhavuda veraa#Nuvve naa mahanubhavuda veraa##Wanna wanna wanna wanna wanna#Don’t you wanna wanna wanna wanna#Don’t you wanna#Come and get me now##Wanna wanna wanna wanna wanna#Don’t you wanna wanna wanna wanna#Don’t you wanna#Come and get me now###Nee kallalona kaatuka#O nalla mabbu kaadhaa#Nee navvuloni veduka#O merupu velugu kaadhaa##Nee momu ninginundhi#Oo prema vaana raaga#Aa vaana jallulona#Nenu jallumantu thadisipoga##Theli theli theli#Theli theli theli#Theli theli theli#Thelipoyaaaa##O prema vaanalona munigi#Paiki paiki thelipoyaaa##Naa gundeloni korika#Oo gaalipatam kaaga#Naa chentha nuvu cherika#Oo dhaaramalle laaga##Nee neeli kurula nundi#Oo poola gaali raaga#Naa prema anna gaali patam#Chandra-mandalanni cheragaaaa##Theli theli theli (x3)#Thelipoyaaaa##Asala chanda maama nuvve antu#Nela meedha vaalipoyaaa##Asura asura asura asura#Raavanasuraa##Asura asura asura asura#Raavanasuraa##Dhaga dhaga dhaga dhaga#Nee sogasuloni dhagaa#Bhaga bhaga bhaga bhaga#Penchindi paduchu paga##Dhaga dhaga dhaga dhaga#Nee sogasuloni dhaga#Bhaga bhaga bhagaa bhaga#Penchindi paduchu paga##Nee pedhavilona yerupu#Naa pogaruki gaayam chesthe##Asura asura asura asura#Raavanasudaaa##Meda vompuloni nunupu#Gaayaniki kaaram poosthe##Asura asura asura asura#Raavanasudaaa##Dharunanga daggarai#Udhruthanga uppenai#Andhamaina aushadhaanni thaagana##Dhaga dhaga dhaga dhaga#Nee sogasulona dhaga#Bhaga bhaga bhagaa bhaga#Penchindi paduchu paga##Dhaga dhaga dhaga dhaga#Nee sogasulona dhaga#Bhaga bhaga bhagaa bhaga#Penchindi paduchu paga##Asura asura asura asura#Raavanasuraa##Asura asura asura asura#Raavanasuraa#',7,' Chandrabose',NULL,'2017-12-18 09:55:17','2017-12-18 09:55:17'),(8,'Rayyi Rayyi Mantu ','##Mahanubhavuda veraa#Nuvve naa mahanubhavuda veraa#Mahanubhavudu veraa#Nuvve naa mahanubhavudu veraa##Adagandhe gaalaina tagaloddu antunne#Athi prema choopeti alavatu needhe ra#Mahanubhavuda veraa#Nuvve naa mahanubhavuda veraa#Mahanubhavuda veraa#Nuvve naa mahanubhavuda veraa##Wanna wanna wanna wanna wanna#Don’t you wanna wanna wanna wanna#Don’t you wanna#Come and get me now##Wanna wanna wanna wanna wanna#Don’t you wanna wanna wanna wanna#Don’t you wanna#Come and get me now##Kanulani kadige kalaganuvaade#Chinukulanaina vadagaduthaade#Aduguku mundhe tuduchunu nele#Kadhipithe kaale paruchunu poole##Musugese muthyanivoo…#Marakunte maaredu#Munukoosa maaredu#Machasale lenodu#Chandurudemo vaadu##Edhuruga unna egabadipode#Yedamuga unde yedha sadi veede#Kudaradhu anna kuduruga unde#Kalapadutunna kadaladu choode##Arudhaina abbayiro#Pedhavaina thakindho#Thega siggu ruddhedu#Kurulaina aaredu#Chedhireno sardhedu##Mahanubhavuda veraa#Nuvve naa mahanubhavuda veraa#Mahanubhavuda veraa#Nuvve naa mahanubhavuda veraa##Wanna wanna wanna wanna wanna#Don’t you wanna wanna wanna wanna#Don’t you wanna#Come and get me now##Wanna wanna wanna wanna wanna#Don’t you wanna wanna wanna wanna#Don’t you wanna#Come and get me now###Nee kallalona kaatuka#O nalla mabbu kaadhaa#Nee navvuloni veduka#O merupu velugu kaadhaa##Nee momu ninginundhi#Oo prema vaana raaga#Aa vaana jallulona#Nenu jallumantu thadisipoga##Theli theli theli#Theli theli theli#Theli theli theli#Thelipoyaaaa##O prema vaanalona munigi#Paiki paiki thelipoyaaa##Naa gundeloni korika#Oo gaalipatam kaaga#Naa chentha nuvu cherika#Oo dhaaramalle laaga##Nee neeli kurula nundi#Oo poola gaali raaga#Naa prema anna gaali patam#Chandra-mandalanni cheragaaaa##Theli theli theli (x3)#Thelipoyaaaa##Asala chanda maama nuvve antu#Nela meedha vaalipoyaaa##Asura asura asura asura#Raavanasuraa##Asura asura asura asura#Raavanasuraa##Dhaga dhaga dhaga dhaga#Nee sogasuloni dhagaa#Bhaga bhaga bhaga bhaga#Penchindi paduchu paga##Dhaga dhaga dhaga dhaga#Nee sogasuloni dhaga#Bhaga bhaga bhagaa bhaga#Penchindi paduchu paga##Nee pedhavilona yerupu#Naa pogaruki gaayam chesthe##Asura asura asura asura#Raavanasudaaa##Meda vompuloni nunupu#Gaayaniki kaaram poosthe##Asura asura asura asura#Raavanasudaaa##Dharunanga daggarai#Udhruthanga uppenai#Andhamaina aushadhaanni thaagana##Dhaga dhaga dhaga dhaga#Nee sogasulona dhaga#Bhaga bhaga bhagaa bhaga#Penchindi paduchu paga##Dhaga dhaga dhaga dhaga#Nee sogasulona dhaga#Bhaga bhaga bhagaa bhaga#Penchindi paduchu paga##Asura asura asura asura#Raavanasuraa##Asura asura asura asura#Raavanasuraa###Ho rayyi rayyi mantu#Rekka vippukuntu#Vacchivaalene manassu#Sontha gootilo##sa ga sa ga ri sa ni pa##Hey ghallu ghallu mantu#Gunde jhallumantu#Adugulesene swarala kottha baatalo# #sa ga sa ga ma pa ma ga##Neelaakasam entha dooramunna#Yegiraamante andhada#Oohalokam ekkadekkadunna#Pilichamante nizamga nizam kaada##Rayyi rayyi mantu#Rekka vippukuntu#Vacchivaalene manassu#Sontha gootilo##Oh ghallu ghallu mantu#Gunde jhallumantu#Adugulesene swarala kothabaatalo##sa ni pa ri sa ni ma ga ri sa#sa ri ga ma pa ma ga ri sa ni#sa ni pa ri sa ni ma ga ri sa#sa ri ga ma pa ma da#pa da pa ma pa ma ga ma ga ri#ri ma ga ri ni ri sa ni pa#pa da pa ma pa ma ga ma ga ri#ri ga ma pa da ma pa##Hmm okka adugaina#Vesi choodandhe#Vadha kochena kalala theerame##Okka kalanaina nijamu cheyande#Niduraponante gelupu khayame##Swecha ante artham#Ye kukka pillo kadu#Korukunna dishaku#Yegiri vellipodame##Rayyi rayyi mantu#Rekka vippukuntu#Vacchivaalene manassu#Sontha gootilo##Ghallu ghallu mantu#Gunde jhallumantu#Adugulesene swarala kothabatalo##Daari choopinche velugu ventunte#Karu cheekatlo ennenni kaanthulo#Bomma geeyinche kunche thodunte#Gheyilo saitham enni rangulo##Chelimi ante artham parichayalu kadu#Thodu needavaali nadakalo parugulo##Rayyi rayyi mantu rekka vippukuntu#Vacchivalene manassu sontha gootilo##Ho ho ho ghallu ghallu mantu#Gunde jhallumantu adugulesene#Swarala kotthabaatalo##pa ni pa sa pa ni pa sa#pa ni pa sa ri ga ma ga ri sa#pa ni pa ri pa ni pa ri#pa ni pa ri ga pa pa ni ga ri#sa ri ga ma sa ri ga ma#sa ri ga ma ma pa sa ga ri pa pa ma#',8,' Srimani',NULL,'2017-12-18 09:55:18','2017-12-18 09:55:18'),(9,'What Amma ','##Mahanubhavuda veraa#Nuvve naa mahanubhavuda veraa#Mahanubhavudu veraa#Nuvve naa mahanubhavudu veraa##Adagandhe gaalaina tagaloddu antunne#Athi prema choopeti alavatu needhe ra#Mahanubhavuda veraa#Nuvve naa mahanubhavuda veraa#Mahanubhavuda veraa#Nuvve naa mahanubhavuda veraa##Wanna wanna wanna wanna wanna#Don’t you wanna wanna wanna wanna#Don’t you wanna#Come and get me now##Wanna wanna wanna wanna wanna#Don’t you wanna wanna wanna wanna#Don’t you wanna#Come and get me now##Kanulani kadige kalaganuvaade#Chinukulanaina vadagaduthaade#Aduguku mundhe tuduchunu nele#Kadhipithe kaale paruchunu poole##Musugese muthyanivoo…#Marakunte maaredu#Munukoosa maaredu#Machasale lenodu#Chandurudemo vaadu##Edhuruga unna egabadipode#Yedamuga unde yedha sadi veede#Kudaradhu anna kuduruga unde#Kalapadutunna kadaladu choode##Arudhaina abbayiro#Pedhavaina thakindho#Thega siggu ruddhedu#Kurulaina aaredu#Chedhireno sardhedu##Mahanubhavuda veraa#Nuvve naa mahanubhavuda veraa#Mahanubhavuda veraa#Nuvve naa mahanubhavuda veraa##Wanna wanna wanna wanna wanna#Don’t you wanna wanna wanna wanna#Don’t you wanna#Come and get me now##Wanna wanna wanna wanna wanna#Don’t you wanna wanna wanna wanna#Don’t you wanna#Come and get me now###Nee kallalona kaatuka#O nalla mabbu kaadhaa#Nee navvuloni veduka#O merupu velugu kaadhaa##Nee momu ninginundhi#Oo prema vaana raaga#Aa vaana jallulona#Nenu jallumantu thadisipoga##Theli theli theli#Theli theli theli#Theli theli theli#Thelipoyaaaa##O prema vaanalona munigi#Paiki paiki thelipoyaaa##Naa gundeloni korika#Oo gaalipatam kaaga#Naa chentha nuvu cherika#Oo dhaaramalle laaga##Nee neeli kurula nundi#Oo poola gaali raaga#Naa prema anna gaali patam#Chandra-mandalanni cheragaaaa##Theli theli theli (x3)#Thelipoyaaaa##Asala chanda maama nuvve antu#Nela meedha vaalipoyaaa##Asura asura asura asura#Raavanasuraa##Asura asura asura asura#Raavanasuraa##Dhaga dhaga dhaga dhaga#Nee sogasuloni dhagaa#Bhaga bhaga bhaga bhaga#Penchindi paduchu paga##Dhaga dhaga dhaga dhaga#Nee sogasuloni dhaga#Bhaga bhaga bhagaa bhaga#Penchindi paduchu paga##Nee pedhavilona yerupu#Naa pogaruki gaayam chesthe##Asura asura asura asura#Raavanasudaaa##Meda vompuloni nunupu#Gaayaniki kaaram poosthe##Asura asura asura asura#Raavanasudaaa##Dharunanga daggarai#Udhruthanga uppenai#Andhamaina aushadhaanni thaagana##Dhaga dhaga dhaga dhaga#Nee sogasulona dhaga#Bhaga bhaga bhagaa bhaga#Penchindi paduchu paga##Dhaga dhaga dhaga dhaga#Nee sogasulona dhaga#Bhaga bhaga bhagaa bhaga#Penchindi paduchu paga##Asura asura asura asura#Raavanasuraa##Asura asura asura asura#Raavanasuraa###Ho rayyi rayyi mantu#Rekka vippukuntu#Vacchivaalene manassu#Sontha gootilo##sa ga sa ga ri sa ni pa##Hey ghallu ghallu mantu#Gunde jhallumantu#Adugulesene swarala kottha baatalo# #sa ga sa ga ma pa ma ga##Neelaakasam entha dooramunna#Yegiraamante andhada#Oohalokam ekkadekkadunna#Pilichamante nizamga nizam kaada##Rayyi rayyi mantu#Rekka vippukuntu#Vacchivaalene manassu#Sontha gootilo##Oh ghallu ghallu mantu#Gunde jhallumantu#Adugulesene swarala kothabaatalo##sa ni pa ri sa ni ma ga ri sa#sa ri ga ma pa ma ga ri sa ni#sa ni pa ri sa ni ma ga ri sa#sa ri ga ma pa ma da#pa da pa ma pa ma ga ma ga ri#ri ma ga ri ni ri sa ni pa#pa da pa ma pa ma ga ma ga ri#ri ga ma pa da ma pa##Hmm okka adugaina#Vesi choodandhe#Vadha kochena kalala theerame##Okka kalanaina nijamu cheyande#Niduraponante gelupu khayame##Swecha ante artham#Ye kukka pillo kadu#Korukunna dishaku#Yegiri vellipodame##Rayyi rayyi mantu#Rekka vippukuntu#Vacchivaalene manassu#Sontha gootilo##Ghallu ghallu mantu#Gunde jhallumantu#Adugulesene swarala kothabatalo##Daari choopinche velugu ventunte#Karu cheekatlo ennenni kaanthulo#Bomma geeyinche kunche thodunte#Gheyilo saitham enni rangulo##Chelimi ante artham parichayalu kadu#Thodu needavaali nadakalo parugulo##Rayyi rayyi mantu rekka vippukuntu#Vacchivalene manassu sontha gootilo##Ho ho ho ghallu ghallu mantu#Gunde jhallumantu adugulesene#Swarala kotthabaatalo##pa ni pa sa pa ni pa sa#pa ni pa sa ri ga ma ga ri sa#pa ni pa ri pa ni pa ri#pa ni pa ri ga pa pa ni ga ri#sa ri ga ma sa ri ga ma#sa ri ga ma ma pa sa ga ri pa pa ma###Mic unnadhe paate ledhu#Dappu unnadhe beat eh ledhu#Speaker unnadhe peppe ledhu#Stage unnadhe step ye ledhu##What amma what is this amma#What amma what is this amma##Punch unnadhe counter ledhu#Circle unnadhe center ledhu#Eedu lopala eele ledhu#Evadi lopala gole ledhu##What amma what is this amma#Hey what amma what is this amma##Raagam undhi rambhe ledhu#Rangu unnadhi ponge ledhu##Bandu unndadhi#Sound eh ledhu#Gangu unnadhi#Bang eh ledhu##Mejhuvani undhi#Mojhuvani ledhu##What amma what is this amma#Arey what amma what is this amma#Ayyo##Teaser choosi mosapoyi#Cinema kelli book ayinattu#Rating choosi rechipoyi#Dinner kelli lock ayinattu#Craze choosi mojupadi#China phone ki fool ayinattu#Offer unte aasapadi#Online money block ayinattu##Welcome poster undhi kani#Party oose ledhu#Disco dance undhi kani#Jyothi lakshmi ledhu#Glamour boledu undhi#Oh grammar antu ledhu#Rathiri mottham undhi#Jaathara jaagarame lene ledhu##What amma what is this amma#Arey what amma what is this amma ma ma maa##Aaa pandagela techukunna#1000 wala thussannattu#Kallu thaagi kothi pilla#Lolle marachi thongunattu#Power bank full gunna#Charging cable cut ayinattu#Friday roju pub unna#Dry day antu board ettinattu##Group troop undhi#Oh oopu lene ledhu#Bar beer undhi#Ye joru lene ledhu#Matter-u boledu undhi#Oh meter antu ledhu#Praanam panche sneham undhi#Manase panche maargam ledhu##What amma what is this amma#Hayyo what amma what is this ammaa##What amma what is this amma ma ma maa#What amma what is this amma ma ma maa#',9,'Sri Mani',NULL,'2017-12-18 09:55:18','2017-12-18 09:55:18'),(10,'Yevevo ','##Mahanubhavuda veraa#Nuvve naa mahanubhavuda veraa#Mahanubhavudu veraa#Nuvve naa mahanubhavudu veraa##Adagandhe gaalaina tagaloddu antunne#Athi prema choopeti alavatu needhe ra#Mahanubhavuda veraa#Nuvve naa mahanubhavuda veraa#Mahanubhavuda veraa#Nuvve naa mahanubhavuda veraa##Wanna wanna wanna wanna wanna#Don’t you wanna wanna wanna wanna#Don’t you wanna#Come and get me now##Wanna wanna wanna wanna wanna#Don’t you wanna wanna wanna wanna#Don’t you wanna#Come and get me now##Kanulani kadige kalaganuvaade#Chinukulanaina vadagaduthaade#Aduguku mundhe tuduchunu nele#Kadhipithe kaale paruchunu poole##Musugese muthyanivoo…#Marakunte maaredu#Munukoosa maaredu#Machasale lenodu#Chandurudemo vaadu##Edhuruga unna egabadipode#Yedamuga unde yedha sadi veede#Kudaradhu anna kuduruga unde#Kalapadutunna kadaladu choode##Arudhaina abbayiro#Pedhavaina thakindho#Thega siggu ruddhedu#Kurulaina aaredu#Chedhireno sardhedu##Mahanubhavuda veraa#Nuvve naa mahanubhavuda veraa#Mahanubhavuda veraa#Nuvve naa mahanubhavuda veraa##Wanna wanna wanna wanna wanna#Don’t you wanna wanna wanna wanna#Don’t you wanna#Come and get me now##Wanna wanna wanna wanna wanna#Don’t you wanna wanna wanna wanna#Don’t you wanna#Come and get me now###Nee kallalona kaatuka#O nalla mabbu kaadhaa#Nee navvuloni veduka#O merupu velugu kaadhaa##Nee momu ninginundhi#Oo prema vaana raaga#Aa vaana jallulona#Nenu jallumantu thadisipoga##Theli theli theli#Theli theli theli#Theli theli theli#Thelipoyaaaa##O prema vaanalona munigi#Paiki paiki thelipoyaaa##Naa gundeloni korika#Oo gaalipatam kaaga#Naa chentha nuvu cherika#Oo dhaaramalle laaga##Nee neeli kurula nundi#Oo poola gaali raaga#Naa prema anna gaali patam#Chandra-mandalanni cheragaaaa##Theli theli theli (x3)#Thelipoyaaaa##Asala chanda maama nuvve antu#Nela meedha vaalipoyaaa##Asura asura asura asura#Raavanasuraa##Asura asura asura asura#Raavanasuraa##Dhaga dhaga dhaga dhaga#Nee sogasuloni dhagaa#Bhaga bhaga bhaga bhaga#Penchindi paduchu paga##Dhaga dhaga dhaga dhaga#Nee sogasuloni dhaga#Bhaga bhaga bhagaa bhaga#Penchindi paduchu paga##Nee pedhavilona yerupu#Naa pogaruki gaayam chesthe##Asura asura asura asura#Raavanasudaaa##Meda vompuloni nunupu#Gaayaniki kaaram poosthe##Asura asura asura asura#Raavanasudaaa##Dharunanga daggarai#Udhruthanga uppenai#Andhamaina aushadhaanni thaagana##Dhaga dhaga dhaga dhaga#Nee sogasulona dhaga#Bhaga bhaga bhagaa bhaga#Penchindi paduchu paga##Dhaga dhaga dhaga dhaga#Nee sogasulona dhaga#Bhaga bhaga bhagaa bhaga#Penchindi paduchu paga##Asura asura asura asura#Raavanasuraa##Asura asura asura asura#Raavanasuraa###Ho rayyi rayyi mantu#Rekka vippukuntu#Vacchivaalene manassu#Sontha gootilo##sa ga sa ga ri sa ni pa##Hey ghallu ghallu mantu#Gunde jhallumantu#Adugulesene swarala kottha baatalo# #sa ga sa ga ma pa ma ga##Neelaakasam entha dooramunna#Yegiraamante andhada#Oohalokam ekkadekkadunna#Pilichamante nizamga nizam kaada##Rayyi rayyi mantu#Rekka vippukuntu#Vacchivaalene manassu#Sontha gootilo##Oh ghallu ghallu mantu#Gunde jhallumantu#Adugulesene swarala kothabaatalo##sa ni pa ri sa ni ma ga ri sa#sa ri ga ma pa ma ga ri sa ni#sa ni pa ri sa ni ma ga ri sa#sa ri ga ma pa ma da#pa da pa ma pa ma ga ma ga ri#ri ma ga ri ni ri sa ni pa#pa da pa ma pa ma ga ma ga ri#ri ga ma pa da ma pa##Hmm okka adugaina#Vesi choodandhe#Vadha kochena kalala theerame##Okka kalanaina nijamu cheyande#Niduraponante gelupu khayame##Swecha ante artham#Ye kukka pillo kadu#Korukunna dishaku#Yegiri vellipodame##Rayyi rayyi mantu#Rekka vippukuntu#Vacchivaalene manassu#Sontha gootilo##Ghallu ghallu mantu#Gunde jhallumantu#Adugulesene swarala kothabatalo##Daari choopinche velugu ventunte#Karu cheekatlo ennenni kaanthulo#Bomma geeyinche kunche thodunte#Gheyilo saitham enni rangulo##Chelimi ante artham parichayalu kadu#Thodu needavaali nadakalo parugulo##Rayyi rayyi mantu rekka vippukuntu#Vacchivalene manassu sontha gootilo##Ho ho ho ghallu ghallu mantu#Gunde jhallumantu adugulesene#Swarala kotthabaatalo##pa ni pa sa pa ni pa sa#pa ni pa sa ri ga ma ga ri sa#pa ni pa ri pa ni pa ri#pa ni pa ri ga pa pa ni ga ri#sa ri ga ma sa ri ga ma#sa ri ga ma ma pa sa ga ri pa pa ma###Mic unnadhe paate ledhu#Dappu unnadhe beat eh ledhu#Speaker unnadhe peppe ledhu#Stage unnadhe step ye ledhu##What amma what is this amma#What amma what is this amma##Punch unnadhe counter ledhu#Circle unnadhe center ledhu#Eedu lopala eele ledhu#Evadi lopala gole ledhu##What amma what is this amma#Hey what amma what is this amma##Raagam undhi rambhe ledhu#Rangu unnadhi ponge ledhu##Bandu unndadhi#Sound eh ledhu#Gangu unnadhi#Bang eh ledhu##Mejhuvani undhi#Mojhuvani ledhu##What amma what is this amma#Arey what amma what is this amma#Ayyo##Teaser choosi mosapoyi#Cinema kelli book ayinattu#Rating choosi rechipoyi#Dinner kelli lock ayinattu#Craze choosi mojupadi#China phone ki fool ayinattu#Offer unte aasapadi#Online money block ayinattu##Welcome poster undhi kani#Party oose ledhu#Disco dance undhi kani#Jyothi lakshmi ledhu#Glamour boledu undhi#Oh grammar antu ledhu#Rathiri mottham undhi#Jaathara jaagarame lene ledhu##What amma what is this amma#Arey what amma what is this amma ma ma maa##Aaa pandagela techukunna#1000 wala thussannattu#Kallu thaagi kothi pilla#Lolle marachi thongunattu#Power bank full gunna#Charging cable cut ayinattu#Friday roju pub unna#Dry day antu board ettinattu##Group troop undhi#Oh oopu lene ledhu#Bar beer undhi#Ye joru lene ledhu#Matter-u boledu undhi#Oh meter antu ledhu#Praanam panche sneham undhi#Manase panche maargam ledhu##What amma what is this amma#Hayyo what amma what is this ammaa##What amma what is this amma ma ma maa#What amma what is this amma ma ma maa####Evevo kalalukanna#Yevaipo kaduluthunna#Yemaindho teliyakunna#Yennenno jaruguthunna#Yemo yemaindo#Nalone yemaindho#Yemo yemundho#Ika mundem kanundo#Idemi idemito#Ee maya pere yemito#Idemi idemito#Ee maya pere yemito##Evevo kalalukanna#Yevaipo kaduluthunna#Yemaindho teliyakunna#Yennenno jaruguthunna#Yemo yemaindo#Nalone yemaindho#Yemo yemundho#Ika mundem kanundo#Idemi idemito#Ee maya pere yemito#Idemi idemito#Ee maya pere yemito##Taluchukunna velalo#Telusukunna viluvemito#Kalusukunna velallo#Kshanamukenta viluvemito##Ila nenu na nuvvu manam ayina#Ee velallo ee merupemito#Ee parugemito maimarapemito#Haayi geethalalo#Ee bashemito bhaavalemito#Ee thiyyani bandham yemito# #Evevo kalaluganna#Yevaipo kadulutunna#Yemo yemaindo#Nalone yemaindo#Yemo yemundo#Ika mundem kanundo#Idemi idemito#Ee maya pere yemito#Idemi idemito#Ee maya pere yemito#Idemi idemito#',10,' Chandrabos',NULL,'2017-12-18 09:55:18','2017-12-18 09:55:18');
/*!40000 ALTER TABLE `l_lyrics` ENABLE KEYS */;
UNLOCK TABLES;

--
-- Table structure for table `l_movie`
--

DROP TABLE IF EXISTS `l_movie`;
/*!40101 SET @saved_cs_client     = @@character_set_client */;
/*!40101 SET character_set_client = utf8 */;
CREATE TABLE `l_movie` (
  `id` int(4) NOT NULL AUTO_INCREMENT,
  `lang_id` int(4) NOT NULL,
  `movie_year_id` int(4) NOT NULL,
  `movie_name` varchar(256) NOT NULL,
  `movie_release_date` timestamp NOT NULL DEFAULT CURRENT_TIMESTAMP ON UPDATE CURRENT_TIMESTAMP,
  `creation_time` timestamp NOT NULL DEFAULT CURRENT_TIMESTAMP ON UPDATE CURRENT_TIMESTAMP,
  `updation_time` timestamp NOT NULL DEFAULT '0000-00-00 00:00:00',
  PRIMARY KEY (`id`),
  UNIQUE KEY `id_UNIQUE` (`id`),
  KEY `lang_id` (`lang_id`),
  KEY `movie_year` (`movie_year_id`),
  KEY `id` (`id`),
  CONSTRAINT `l_movie_ibfk_1` FOREIGN KEY (`lang_id`) REFERENCES `l_language` (`id`),
  CONSTRAINT `l_movie_ibfk_2` FOREIGN KEY (`movie_year_id`) REFERENCES `l_year` (`id`)
) ENGINE=InnoDB AUTO_INCREMENT=11 DEFAULT CHARSET=latin1;
/*!40101 SET character_set_client = @saved_cs_client */;

--
-- Dumping data for table `l_movie`
--

LOCK TABLES `l_movie` WRITE;
/*!40000 ALTER TABLE `l_movie` DISABLE KEYS */;
INSERT INTO `l_movie` VALUES (1,2,59,'Agnyaathavasi','2017-03-20 18:30:00','2017-12-18 09:53:22','2017-12-18 09:53:22'),(2,2,54,'Spyder','2012-06-23 18:30:00','2017-12-18 09:53:23','2017-12-18 09:53:23'),(3,2,58,'Jai Lava Kusa','2016-05-23 18:30:00','2017-12-18 09:53:23','2017-12-18 09:53:23'),(4,2,52,' Agnyaathavasi','2010-02-11 18:30:00','2017-12-18 09:53:23','2017-12-18 09:53:23'),(5,2,59,'Arjun Reddy','2017-09-24 18:30:00','2017-12-18 09:53:23','2017-12-18 09:53:23'),(6,2,56,'Mahanubhavudu','2014-05-16 18:30:00','2017-12-18 09:55:17','2017-12-18 09:55:17'),(7,2,54,'Jai Lava Kusa','2012-06-02 18:30:00','2017-12-18 09:55:17','2017-12-18 09:55:17'),(8,2,40,' Vunnadi Okate Zindagi','1998-11-28 18:30:00','2017-12-18 09:55:18','2017-12-18 09:55:18'),(9,2,49,'Vunnadi Okate Zindagi','2007-01-19 18:30:00','2017-12-18 09:55:18','2017-12-18 09:55:18'),(10,2,44,'Hello','2002-07-18 18:30:00','2017-12-18 09:55:18','2017-12-18 09:55:18');
/*!40000 ALTER TABLE `l_movie` ENABLE KEYS */;
UNLOCK TABLES;

--
-- Table structure for table `l_year`
--

DROP TABLE IF EXISTS `l_year`;
/*!40101 SET @saved_cs_client     = @@character_set_client */;
/*!40101 SET character_set_client = utf8 */;
CREATE TABLE `l_year` (
  `id` int(4) NOT NULL AUTO_INCREMENT,
  `lyric_year` year(4) NOT NULL,
  PRIMARY KEY (`id`),
  UNIQUE KEY `id_UNIQUE` (`id`),
  UNIQUE KEY `lyric_year_UNIQUE` (`lyric_year`),
  KEY `id` (`id`)
) ENGINE=InnoDB AUTO_INCREMENT=73 DEFAULT CHARSET=latin1;
/*!40101 SET character_set_client = @saved_cs_client */;

--
-- Dumping data for table `l_year`
--

LOCK TABLES `l_year` WRITE;
/*!40000 ALTER TABLE `l_year` DISABLE KEYS */;
INSERT INTO `l_year` VALUES (1,1960),(2,1961),(3,1962),(4,1963),(5,1964),(6,1965),(7,1966),(8,1967),(9,1968),(10,1969),(11,1970),(12,1971),(13,1972),(14,1973),(15,1974),(16,1975),(17,1976),(18,1977),(19,1978),(21,1979),(22,1980),(23,1981),(24,1982),(25,1983),(26,1984),(27,1985),(28,1986),(29,1987),(30,1988),(31,1989),(32,1990),(33,1991),(34,1992),(35,1993),(36,1994),(37,1995),(38,1996),(39,1997),(40,1998),(41,1999),(42,2000),(43,2001),(44,2002),(45,2003),(46,2004),(47,2005),(48,2006),(49,2007),(50,2008),(51,2009),(52,2010),(53,2011),(54,2012),(55,2013),(56,2014),(57,2015),(58,2016),(59,2017),(60,2018),(61,2019),(62,2020),(63,2021),(64,2022),(65,2023),(66,2024),(67,2025),(68,2026),(69,2027),(70,2028),(71,2029),(72,2030);
/*!40000 ALTER TABLE `l_year` ENABLE KEYS */;
UNLOCK TABLES;
/*!40103 SET TIME_ZONE=@OLD_TIME_ZONE */;

/*!40101 SET SQL_MODE=@OLD_SQL_MODE */;
/*!40014 SET FOREIGN_KEY_CHECKS=@OLD_FOREIGN_KEY_CHECKS */;
/*!40014 SET UNIQUE_CHECKS=@OLD_UNIQUE_CHECKS */;
/*!40101 SET CHARACTER_SET_CLIENT=@OLD_CHARACTER_SET_CLIENT */;
/*!40101 SET CHARACTER_SET_RESULTS=@OLD_CHARACTER_SET_RESULTS */;
/*!40101 SET COLLATION_CONNECTION=@OLD_COLLATION_CONNECTION */;
/*!40111 SET SQL_NOTES=@OLD_SQL_NOTES */;

-- Dump completed on 2017-12-18 17:47:09
